Date,AAPL RoC
2014-05-07,-0.0037682524729157896
2014-05-08,-0.007092198581560183
2014-05-09,-0.004285714285714226
2014-05-12,0.012434241989478734
2014-05-13,0.0018894662257911143
2014-05-14,0.0
2014-05-15,-0.008486562942008447
2014-05-16,0.014740846409890596
2014-05-19,0.011715089034676662
2014-05-20,0.0004631773969430153
2014-05-21,0.0023148148148146586
2014-05-22,0.0018475750577369165
2014-05-23,0.011065006915629283
2014-05-27,0.018695850433196437
2014-05-28,-0.0022381378692928333
2014-05-29,0.01794526693584575
2014-05-30,-0.00352578228294409
2014-06-02,-0.0070765148164528835
2014-06-03,0.014253897550111416
2014-06-04,0.011418533157663724
2014-06-05,0.0039079461571862595
2014-06-06,-0.002595155709342656
2014-06-09,0.016045099739809165
2014-06-10,0.005548442168160417
2014-06-11,-0.0038200339558573937
2014-06-12,-0.01704303365999138
2014-06-13,-0.010836584308625885
2014-06-16,0.010078878177037787
2014-06-17,-0.0013015184381779399
2014-06-18,0.0013032145960034658
2014-06-19,-0.003470715835141025
2014-06-20,-0.01044841097083149
2014-06-23,-0.0008798944126704455
2014-06-24,-0.006164685160722216
2014-06-25,0.0008861320336730483
2014-06-26,0.00619743249225313
2014-06-27,0.011878574571051459
2014-06-30,0.010000000000000009
2014-07-01,0.0064571674558759895
2014-07-02,-0.00042771599657820403
2014-07-03,0.005990586221651606
2014-07-07,0.020416843896214232
2014-07-08,-0.0062526052521884035
2014-07-09,0.000419463087248495
2014-07-10,-0.0037735849056603765
2014-07-11,0.002104377104376942
2014-07-14,0.012599748005039935
2014-07-15,-0.011613438407299892
2014-07-16,-0.0054553084347460645
2014-07-17,-0.018143459915611837
2014-07-18,0.014611087236785503
2014-07-21,-0.005506141465480674
2014-07-22,0.008517887563884052
2014-07-23,0.026182432432432456
2014-07-24,-0.0016460905349794386
2014-07-25,0.0065952184666118185
2014-07-28,0.013923013923013983
2014-07-29,-0.00646203554119551
2014-07-30,-0.0024390243902440156
2014-07-31,-0.026079869600652006
2014-08-01,0.005439330543933085
2014-08-04,-0.005409904286308942
2014-08-05,-0.005020920502091908
2014-08-06,-0.001682085786375187
2014-08-07,-0.005054759898904693
2014-08-08,0.002963590177815334
2014-08-11,0.013085690164626351
2014-08-12,-0.0004166666666667318
2014-08-13,0.01333889120466858
2014-08-14,0.002879473467708671
2014-08-15,0.004922067268252617
2014-08-18,0.011836734693877471
2014-08-19,0.013715207745058411
2014-08-20,0.0003979307600479043
2014-08-21,0.0003977724741446309
2014-08-22,0.007157057654075594
2014-08-25,0.0023687327279906523
2014-08-26,-0.006695549428909042
2014-08-27,0.012291831879460924
2014-08-28,0.001175088131609714
2014-08-29,0.0027386541471048353
2014-09-02,0.007803355442840498
2014-09-03,-0.04219899341850564
2014-09-04,-0.008488278092158352
2014-09-05,0.008560945780676565
2014-09-08,-0.006063055780113125
2014-09-09,-0.0036600244001626647
2014-09-10,0.030612244897959107
2014-09-11,0.00435643564356436
2014-09-12,0.0023659305993690705
2014-09-15,-0.0003933910306845867
2014-09-16,-0.00747737111373481
2014-09-17,0.007137192704202988
2014-09-18,0.0019685039370078705
2014-09-19,-0.008251473477406734
2014-09-22,0.0011885895404120106
2014-09-23,0.01543332014246146
2014-09-24,-0.008573655494933718
2014-09-25,-0.03812893081761015
2014-09-26,0.02942378422558245
2014-09-29,-0.006351726875744368
2014-09-30,0.006392329204954139
2014-10-01,-0.015482334259626862
2014-10-02,0.007258064516129092
2014-10-03,-0.002802241793434801
2014-10-06,0.0
2014-10-07,-0.008831794460056108
2014-10-08,0.020656136087484622
2014-10-09,0.0023809523809523725
2014-10-10,-0.0031670625494854
2014-10-13,-0.009134233518665602
2014-10-14,-0.010420841683366655
2014-10-15,-0.012150668286755817
2014-10-16,-0.013120131201312057
2014-10-17,0.014540922309929538
2014-10-20,0.02129402129402136
2014-10-21,0.027265437048917374
2014-10-22,0.0050741608118656245
2014-10-23,0.017864077669903056
2014-10-24,0.0038153376573826225
2014-10-27,-0.0011402508551880963
2014-10-28,0.015601217656012079
2014-10-29,0.0056200824278755945
2014-10-30,-0.003353204172876323
2014-10-31,0.009345794392523255
2014-11-03,0.012962962962963065
2014-11-04,-0.007312614259597949
2014-11-05,0.0025782688766113893
2014-11-06,-0.0014695077149154967
2014-11-07,0.002575423105224406
2014-11-10,-0.0014678899082568586
2014-11-11,0.008085262771039936
2014-11-12,0.013853445133065856
2014-11-13,0.014383315354189241
2014-11-14,0.012052463665366941
2014-11-17,-0.0017513134851138146
2014-11-18,0.012982456140350873
2014-11-19,-0.006927606511950124
2014-11-20,0.014300662713637724
2014-11-21,0.0013755158184320937
2014-11-24,0.018543956043955978
2014-11-25,-0.008766014834794333
2014-11-26,0.011904761904761862
2014-11-28,-0.0006722689075630006
2014-12-01,-0.03229061553985879
2014-12-02,-0.00382342718109141
2014-12-03,0.011165387299371998
2014-12-04,-0.003795721187025536
2014-12-05,-0.004156563907170119
2014-12-08,-0.022608695652173827
2014-12-09,0.01530249110320292
2014-12-10,-0.018927444794952786
2014-12-11,-0.0028581636298677937
2014-12-12,-0.01719813686850591
2014-12-15,-0.013488880787459023
2014-12-16,-0.01367331855136722
2014-12-17,0.02472836268265266
2014-12-18,0.029616087751371145
2014-12-19,-0.0074573863636363535
2014-12-22,0.010375670840787166
2014-12-23,-0.003541076487252104
2014-12-24,-0.00497512437810943
2014-12-26,0.017857142857142794
2014-12-29,-0.00070175438596487
2014-12-30,-0.012289325842696708
2014-12-31,-0.018841094916459245
2015-01-02,-0.009782608695652284
2015-01-05,-0.028174167581412335
2015-01-06,0.0003765060240963347
2015-01-07,0.013925479864508983
2015-01-08,0.03823311061618395
2015-01-09,0.0010725777618878496
2015-01-12,-0.02464285714285719
2015-01-13,0.009154155986818013
2015-01-14,-0.003991291727140744
2015-01-15,-0.02695810564663015
2015-01-16,-0.00786222388618496
2015-01-20,0.02566037735849047
2015-01-21,0.007726269315673218
2015-01-22,0.02592186929536333
2015-01-23,0.005338078291814874
2015-01-26,0.001061946902654931
2015-01-27,-0.03500707213578502
2015-01-28,0.05643092707951625
2015-01-29,0.031217481789802326
2015-01-30,-0.014799865455768613
2015-02-02,0.012632297712529938
2015-02-03,0.0
2015-02-04,0.007754551584625791
2015-02-05,0.0033456005352960894
2015-02-06,-0.008669556518839494
2015-02-09,0.006727211570803915
2015-02-10,0.019378549949883084
2015-02-11,0.02327105866928858
2015-02-12,0.012812299807815508
2015-02-13,0.004743833017077703
2015-02-17,0.005980484734025904
2015-02-18,0.006883604505631968
2015-02-19,-0.0021752641392168703
2015-02-20,0.008097165991902688
2015-02-23,0.02718566573988279
2015-02-24,-0.006315789473684275
2015-02-25,-0.025423728813559254
2015-02-26,0.012422360248447228
2015-02-27,-0.014723926380368235
2015-03-02,0.004669987546700005
2015-03-03,0.002169197396963085
2015-03-04,-0.006184291898577721
2015-03-05,-0.016801493466085837
2015-03-06,0.0015822784810126667
2015-03-09,0.004423380726698234
2015-03-10,-0.02076124567474047
2015-03-11,-0.018310311596530737
2015-03-12,0.01799738219895297
2015-03-13,-0.0067502410800386325
2015-03-16,0.011003236245954673
2015-03-17,0.016645326504481472
2015-03-18,0.011335012594458238
2015-03-19,-0.007783312577833046
2015-03-20,-0.012237213680577397
2015-03-23,0.010165184243964509
2015-03-24,-0.004088050314465352
2015-03-25,-0.02589201136722452
2015-03-26,0.0068071312803887896
2015-03-27,-0.008048937540244716
2015-03-30,0.025316455696202667
2015-03-31,-0.015194681861348536
2015-04-01,-0.0016072002571521082
2015-04-02,0.008692852543464191
2015-04-06,0.016278327481646926
2015-04-07,-0.010678391959799027
2015-04-08,-0.0031746031746032743
2015-04-09,0.007643312101910826
2015-04-10,0.004424778761062065
2015-04-13,-0.0022026431718061845
2015-04-14,-0.004099653106275691
2015-04-15,0.0037998733375554927
2015-04-16,-0.0050473186119873725
2015-04-17,-0.01109701965757759
2015-04-20,0.022763706316126786
2015-04-21,-0.005329153605015624
2015-04-22,0.013551843681058884
2015-04-23,0.008084577114428004
2015-04-24,0.004626773596545286
2015-04-27,0.018114829597789317
2015-04-28,-0.01568154402895039
2015-04-29,-0.014705882352941346
2015-04-30,-0.027052238805970075
2015-05-01,0.030361137743688094
2015-05-04,-0.0018610421836229296
2015-05-05,-0.02268489745183344
2015-05-06,-0.006359300476947549
2015-05-07,0.0022400000000000198
2015-05-08,0.01883780332056184
2015-05-11,-0.01034158570980892
2015-05-12,-0.003483217226092461
2015-05-13,0.0009532888465204614
2015-05-14,0.023492063492063453
2015-05-15,-0.0015508684863524413
2015-05-18,0.011183597390493905
2015-05-19,-0.0009216589861749114
2015-05-20,0.0
2015-05-21,0.010147601476014678
2015-05-22,0.008828006088279938
2015-05-26,-0.022027761013880598
2015-05-27,0.018512804689910567
2015-05-28,-0.0018176310209025992
2015-05-29,-0.011532625189681456
2015-06-01,0.001842186060792228
2015-06-02,-0.0042905301869445855
2015-06-03,0.001231148045552466
2015-06-04,-0.005840762373193864
2015-06-05,-0.00556586270872006
2015-06-08,-0.006529850746268551
2015-06-09,-0.0028169014084507005
2015-06-10,0.011299435028248483
2015-06-11,-0.0021725636250775615
2015-06-12,-0.011197511664074677
2015-06-15,-0.0018873859704309215
2015-06-16,0.005357705641348742
2015-06-17,-0.0021943573667712046
2015-06-18,0.0043983663210807045
2015-06-19,-0.010009383797309979
2015-06-22,0.00789889415481837
2015-06-23,-0.004388714733542187
2015-06-24,0.00850125944584379
2015-06-25,-0.004683109584764367
2015-06-26,-0.005959849435382636
2015-06-29,-0.0176711896497318
2015-06-30,0.007388371345968592
2015-07-01,0.009247448979591733
2015-07-02,-0.0012638230647709081
2015-07-06,-0.0034799114204365766
2015-07-07,-0.0025396825396825085
2015-07-08,-0.024824952259707267
2015-07-09,-0.020234986945169786
2015-07-10,0.02664890073284476
2015-07-13,0.01946787800129801
2015-07-14,-0.0006365372374285139
2015-07-15,0.009872611464968317
2015-07-16,0.013245033112582849
2015-07-17,0.008714596949890963
2015-07-20,0.018821351434742617
2015-07-21,-0.009993943064809385
2015-07-22,-0.04221474457020491
2015-07-23,-0.0006387735547748186
2015-07-24,-0.005113454777884274
2015-07-27,-0.014134275618374437
2015-07-28,0.005213424568263347
2015-07-29,-0.0032414910858995505
2015-07-30,-0.005203252032520367
2015-07-31,-0.008499509643674408
2015-08-03,-0.023738872403560762
2015-08-04,-0.03208375548801079
2015-08-05,0.0066294487090021725
2015-08-06,-0.002426343154246058
2015-08-07,0.0034746351633077044
2015-08-10,0.036357340720221565
2015-08-11,-0.05212161710658203
2015-08-12,0.015509340853013587
2015-08-13,-0.0006942034015966492
2015-08-14,0.006946856547412228
2015-08-17,0.010348395998620141
2015-08-18,-0.005462615227039946
2015-08-19,-0.013044970820459967
2015-08-20,-0.020521739130434757
2015-08-21,-0.061079545454545414
2015-08-24,-0.024962178517397904
2015-08-25,0.006206361520558534
2015-08-26,0.057054741711642265
2015-08-27,0.029540481400437635
2015-08-28,0.0031880977683316214
2015-08-31,-0.004590395480225995
2015-09-01,-0.04469670095778655
2015-09-02,0.04307463795024136
2015-09-03,-0.017799928800284803
2015-09-04,-0.00978615440376951
2015-09-08,0.027818448023426035
2015-09-09,-0.019230769230769162
2015-09-10,0.02178649237472774
2015-09-11,0.014570007107320482
2015-09-14,0.009807355516637362
2015-09-15,0.008324661810614087
2015-09-16,0.0010319917440659854
2015-09-17,-0.02130584192439866
2015-09-18,-0.004213483146067398
2015-09-21,0.015514809590973178
2015-09-22,-0.015625
2015-09-23,0.008112874779541368
2015-09-24,0.005948215535339418
2015-09-25,-0.0024347826086956736
2015-09-28,-0.01987447698744771
2015-09-29,-0.029882604055496254
2015-09-30,0.011367803447011271
2015-10-01,-0.006526468455402501
2015-10-02,0.007299270072992803
2015-10-05,0.0036231884057971175
2015-10-06,0.004693140794223893
2015-10-07,-0.004671218109953301
2015-10-08,-0.011552346570397165
2015-10-09,0.023739956172388776
2015-10-12,-0.004637887977167465
2015-10-13,0.0017921146953405742
2015-10-14,-0.014311270125223596
2015-10-15,0.015245009074410065
2015-10-16,-0.007508044333214059
2015-10-19,0.006123919308357317
2015-10-20,0.018259935553168738
2015-10-21,0.0
2015-10-22,0.015471167369901506
2015-10-23,0.030817174515235468
2015-10-26,-0.03191132012092712
2015-10-27,-0.006245662734212343
2015-10-28,0.041201117318435676
2015-10-29,0.010395707578806146
2015-10-30,-0.008297378028543023
2015-11-02,0.014056224899598346
2015-11-03,0.011221122112211157
2015-11-04,-0.004569190600522188
2015-11-05,-0.008852459016393421
2015-11-06,0.0013231888852134333
2015-11-09,-0.004294681202510753
2015-11-10,-0.03151957531519578
2015-11-11,-0.005481329222336462
2015-11-12,-0.003444712366517444
2015-11-13,-0.02903560318008991
2015-11-16,0.01601993592025619
2015-11-17,-0.0042046250875962254
2015-11-18,0.03166783954961283
2015-11-19,0.012960436562073685
2015-11-20,0.004377104377104368
2015-11-23,-0.013074086490110548
2015-11-24,0.009510869565217295
2015-11-25,-0.0070659488559891015
2015-11-27,-0.0020332090816672643
2015-11-30,0.004414261460101931
2015-12-01,-0.008113590263691628
2015-12-02,-0.009202453987730008
2015-12-03,-0.009287925696594423
2015-12-04,0.03333333333333344
2015-12-07,-0.006384408602150615
2015-12-08,-0.000338180588434267
2015-12-09,-0.02198917456021643
2015-12-10,0.004496713939813102
2015-12-11,-0.025482093663911742
2015-12-14,-0.00636042402826853
2015-12-15,-0.01778093883357046
2015-12-16,0.007965242577842035
2015-12-17,-0.021192528735632155
2015-12-18,-0.027155963302752273
2015-12-21,0.012070916635231965
2015-12-22,-0.000745434215430496
2015-12-23,0.012681835136143293
2015-12-24,-0.0051565377532227785
2015-12-28,-0.011106997408367292
2015-12-29,0.01797079745413699
2015-12-30,-0.01324016182420018
2015-12-31,-0.019008572493477427
2016-01-04,0.0007598784194529085
2016-01-05,-0.02505694760820043
2016-01-06,-0.01947040498442365
2016-01-07,-0.042494042891183526
2016-01-08,0.005391953546246331
2016-01-11,0.016089108910891214
2016-01-12,0.014616321559074219
2016-01-13,-0.0256102440976389
2016-01-14,0.021765913757700206
2016-01-15,-0.024115755627009516
2016-01-19,-0.004530477759472795
2016-01-20,0.0012412081092261218
2016-01-21,-0.0049586776859504855
2016-01-22,0.05315614617940212
2016-01-25,-0.019716088328075698
2016-01-26,0.005631536604987941
2016-01-27,-0.06559999999999999
2016-01-28,0.006849315068493178
2016-01-29,0.03486394557823136
2016-02-01,-0.009449465899753484
2016-02-02,-0.0203235172127747
2016-02-03,0.019898391193903464
2016-02-04,0.00249066002490661
2016-02-05,-0.026501035196687228
2016-02-08,0.010208421948107116
2016-02-09,0.0
2016-02-10,-0.0075789473684210185
2016-02-11,-0.005939753924480318
2016-02-12,0.0029876227059326688
2016-02-16,0.028085106382978786
2016-02-17,0.01531456953642385
2016-02-18,-0.018752547900530048
2016-02-19,-0.00249272953884494
2016-02-22,0.008746355685131046
2016-02-23,-0.022708505367464826
2016-02-24,0.015209125475285079
2016-02-25,0.006658343736995365
2016-02-26,0.0016535758577924664
2016-02-29,-0.0024762690879075455
2016-03-01,0.03971865949524189
2016-03-02,0.0023875845602865375
2016-03-03,0.007542675664946374
2016-03-04,0.014578408195429438
2016-03-07,-0.010873786407767039
2016-03-08,-0.00824499411071844
2016-03-09,0.0007917656373712667
2016-03-10,0.00039556962025311115
2016-03-11,0.011071569790431113
2016-03-14,0.002346499804458224
2016-03-15,0.020288724151385162
2016-03-16,0.013001912045889075
2016-03-17,-0.0015100037750094275
2016-03-18,0.0011342155009452792
2016-03-21,0.0
2016-03-22,0.007552870090634434
2016-03-23,-0.005622188905547221
2016-03-24,-0.004146249528835244
2016-03-28,-0.004542013626040897
2016-03-29,0.02357414448669215
2016-03-30,0.017459138187221335
2016-03-31,-0.005111354508944843
2016-04-01,0.00917431192660545
2016-04-04,0.010181818181818292
2016-04-05,-0.011879049676025932
2016-04-06,0.01056466302367931
2016-04-07,-0.021629416005767732
2016-04-08,0.001105379513633098
2016-04-11,0.0033124769966874634
2016-04-12,0.01283932501834184
2016-04-13,0.014487504527345152
2016-04-14,0.000714030703320212
2016-04-15,-0.020335354976810605
2016-04-18,-0.021485797523670747
2016-04-19,-0.005210271678451783
2016-04-20,0.0018705574261130842
2016-04-21,-0.010828976848394456
2016-04-22,-0.002642506606266415
2016-04-25,-0.005677517032551149
2016-04-26,-0.006851922344880079
2016-04-27,-0.062476044461479474
2016-04-28,-0.030662305805396528
2016-04-29,-0.011387600168705214
2016-05-02,-0.0012798634812287712
2016-05-03,0.01665954720205054
2016-05-04,-0.010504201680672232
2016-05-05,-0.01019108280254788
2016-05-06,-0.005577005577005578
2016-05-09,0.0008628127696290733
2016-05-10,0.006896551724137945
2016-05-11,-0.009845890410958957
2016-05-12,-0.023346303501945442
2016-05-13,0.0017706949977867037
2016-05-16,0.03711886875828552
2016-05-17,-0.004260758414997734
2016-05-18,0.011553273427471034
2016-05-19,-0.0038071065989847552
2016-05-20,0.011040339702760082
2016-05-23,0.012599748005039935
2016-05-24,0.015346329323931984
2016-05-25,0.01756535947712412
2016-05-26,0.007627458851866775
2016-05-27,-0.0003984063745020583
2016-05-31,-0.0047827819848546005
2016-06-01,-0.014016820184221013
2016-06-02,-0.0077173030056865155
2016-06-03,0.002046663937781412
2016-06-06,0.007352941176470562
2016-06-07,0.0040551500405514584
2016-06-08,-0.0008077544426495775
2016-06-09,0.006871463217461571
2016-06-10,-0.008028904054596553
2016-06-13,-0.014973694860380471
2016-06-14,0.0012325390304026573
2016-06-15,-0.003282724661469061
2016-06-16,0.004116920543433489
2016-06-17,-0.022960229602296156
2016-06-20,-0.0020981955518253326
2016-06-21,0.008410428931875602
2016-06-22,-0.003753127606338613
2016-06-23,0.005860192549183685
2016-06-24,-0.028297960882230577
2016-06-27,-0.0145610278372591
2016-06-28,0.016949152542372836
2016-06-29,0.008547008547008739
2016-06-30,0.012711864406779627
2016-07-01,0.0029288702928871313
2016-07-05,-0.009178139340842661
2016-07-06,0.005473684210526297
2016-07-07,0.004606365159129044
2016-07-08,0.007503126302626173
2016-07-11,0.003309888291270102
2016-07-12,0.004536082474226877
2016-07-13,-0.005747126436781658
2016-07-14,0.019818331957060398
2016-07-15,0.0
2016-07-18,0.010526315789473717
2016-07-19,0.0004006410256409687
2016-07-20,0.0008009611533841277
2016-07-21,-0.005202080832332867
2016-07-22,-0.007642799678197809
2016-07-25,-0.0133765707336847
2016-07-26,-0.0069843878389481695
2016-07-27,0.06495655771617703
2016-07-28,0.01359751359751371
2016-07-29,-0.0015331544653123252
2016-08-01,0.017658349328214973
2016-08-02,-0.014711429649189034
2016-08-03,0.012633996937212899
2016-08-04,0.0007561436672967048
2016-08-05,0.015111446921042715
2016-08-08,0.00818756978042412
2016-08-09,0.004060538944259839
2016-08-10,-0.007352941176470562
2016-08-11,-0.0007407407407407085
2016-08-12,0.0025945144551520194
2016-08-15,0.01182994454713504
2016-08-16,-0.00073072707343802
2016-08-17,-0.001462522851919612
2016-08-18,-0.0014646649578908821
2016-08-19,0.0025669233590026597
2016-08-22,-0.007681053401609406
2016-08-23,0.002948765204570547
2016-08-24,-0.007350238882763649
2016-08-25,-0.004442798963346983
2016-08-26,-0.005578281889178194
2016-08-29,-0.0011219147344800895
2016-08-30,-0.00786222388618496
2016-08-31,0.0011320754716981352
2016-09-01,0.005653976630229929
2016-09-02,0.009370314842578775
2016-09-06,0.0
2016-09-07,0.005941329372447068
2016-09-08,-0.026208933185677408
2016-09-09,-0.022744503411675443
2016-09-12,0.022498060512024853
2016-09-13,0.023899848254931744
2016-09-14,0.03519822156354224
2016-09-15,0.034001431639226976
2016-09-16,-0.005538248528902723
2016-09-19,-0.011486251305255935
2016-09-20,-0.00035211267605628205
2016-09-21,0.0
2016-09-22,0.009510390982740313
2016-09-23,-0.016748080949057886
2016-09-26,0.0014194464158978626
2016-09-27,0.0017717930545713134
2016-09-28,0.0077821011673151474
2016-09-29,-0.015444015444015413
2016-09-30,0.007486631016042855
2016-10-03,-0.004600141542816738
2016-10-04,0.004265908282971909
2016-10-05,0.000353982300884903
2016-10-06,0.007430997876857637
2016-10-07,0.0017562346329469403
2016-10-10,0.01718092566619922
2016-10-11,0.0024129610479144414
2016-10-12,0.008940852819807388
2016-10-13,-0.0030674846625766694
2016-10-14,0.0054700854700855395
2016-10-17,-0.0006800408024481008
2016-10-18,-0.0006805035726437092
2016-10-19,-0.003064351378958108
2016-10-20,-0.0003415300546448785
2016-10-21,-0.0040997608472839175
2016-10-24,0.008919382504288142
2016-10-25,0.005100306018360978
2016-10-26,-0.022327469553450663
2016-10-27,-0.009688581314878819
2016-10-28,-0.00663871418588402
2016-10-31,-0.00140696447414701
2016-11-01,-0.018316308559351846
2016-11-02,0.0010764262648008671
2016-11-03,-0.01577060931899632
2016-11-04,-0.009104151493080859
2016-11-07,0.01433296582138932
2016-11-08,0.006159420289854944
2016-11-09,-0.001800504141159509
2016-11-10,-0.02777777777777779
2016-11-11,0.005936920222634479
2016-11-14,-0.02508299520472146
2016-11-15,0.01324252743094978
2016-11-16,0.026885735623599638
2016-11-17,-0.0003636363636364548
2016-11-18,0.001091305929428854
2016-11-21,0.014898255813953432
2016-11-22,0.0007160759040458764
2016-11-23,-0.005008944543828275
2016-11-25,0.005034160373966312
2016-11-28,-0.0021466905187834673
2016-11-29,-0.0007171029042667421
2016-11-30,-0.008611410118406937
2016-12-01,-0.009410061527325264
2016-12-02,0.004018998903909443
2016-12-05,-0.00727802037845704
2016-12-06,0.0076979472140761285
2016-12-07,0.00982175336486013
2016-12-08,0.009726224783861648
2016-12-09,0.01641098822689968
2016-12-12,-0.005616005616005615
2016-12-13,0.016590187080833152
2016-12-14,0.0
2016-12-15,0.005555555555555536
2016-12-16,0.001035911602209838
2016-12-19,0.005864091065884924
2016-12-20,0.00274348422496562
2016-12-21,0.0010259917920656392
2016-12-22,-0.006832934745473196
2016-12-23,0.0020639834881319707
2016-12-27,0.00652248541023015
2016-12-28,-0.004433833560709366
2016-12-29,-0.00034258307639611907
2016-12-30,-0.007539410555174708
2017-01-03,0.0027624309392264568
2017-01-04,-0.0010330578512396382
2017-01-05,0.004825922095828883
2017-01-06,0.01132075471698113
2017-01-09,0.00915875169606517
2017-01-10,0.0010084033613446675
2017-01-11,0.005372733378106176
2017-01-12,-0.004342017368069606
2017-01-13,-0.0016772895001676558
2017-01-17,0.008064516129032251
2017-01-18,0.0
2017-01-19,-0.0016666666666667052
2017-01-20,0.0016694490818029983
2017-01-23,0.0006666666666665932
2017-01-24,-0.0009993337774817368
2017-01-25,0.01600533511170399
2017-01-26,0.0006563833278634412
2017-01-27,0.0
2017-01-30,-0.002623811085601835
2017-01-31,-0.00230187438342655
2017-02-01,0.06097560975609739
2017-02-02,-0.0018639328984154657
2017-02-03,0.004357298474945592
2017-02-06,0.009296560272699095
2017-02-07,0.009517961314092771
2017-02-08,0.003953771289537666
2017-02-09,0.0030293850348379614
2017-02-10,-0.0024161884627000862
2017-02-13,0.008779897063275754
2017-02-14,0.013205282112844996
2017-02-15,0.0035545023696683664
2017-02-16,-0.0011806375442738881
2017-02-17,0.0026595744680850686
2017-02-21,0.007368110816386775
2017-02-22,0.0029256875365710755
2017-02-23,-0.004375729288214614
2017-02-24,0.001171989452094957
2017-02-27,0.0017559262510973284
2017-02-28,0.0005842827928719263
2017-03-01,0.020437956204379715
2017-03-02,-0.006008583690987113
2017-03-03,0.006044905008635526
2017-03-06,-0.003147353361945604
2017-03-07,0.0011481056257174327
2017-03-08,-0.0037270642201835402
2017-03-09,-0.002302158273381205
2017-03-10,0.003461205653302546
2017-03-13,0.00028743891922955456
2017-03-14,-0.001436781609195359
2017-03-15,0.010647482014388476
2017-03-16,0.0014236902050115408
2017-03-17,-0.0048336650554450244
2017-03-20,0.010571428571428454
2017-03-21,-0.011591744416171834
2017-03-22,0.011441647597253857
2017-03-23,-0.003676470588235392
2017-03-24,-0.001986942946352599
2017-03-27,0.0017064846416383617
2017-03-28,0.020726859738784853
2017-03-29,0.0022253129346314626
2017-03-30,-0.0013877324451846418
2017-03-31,-0.0016675931072817063
2017-04-03,0.0002783964365256075
2017-04-04,0.007236292791539034
2017-04-05,-0.004973749654600734
2017-04-06,-0.002499305748403069
2017-04-07,-0.00222717149220486
2017-04-10,-0.0013950892857144126
2017-04-11,-0.010617490919251238
2017-04-12,0.0011296243998872857
2017-04-13,-0.005359661495063617
2017-04-17,0.005672149744753385
2017-04-18,-0.00451212633953757
2017-04-19,-0.0036827195467420415
2017-04-20,0.012510662496445724
2017-04-21,-0.0011232799775343638
2017-04-24,0.009558616811920162
2017-04-25,0.006126427179058869
2017-04-26,-0.005812344312205897
2017-04-27,0.0008351893095768226
2017-04-28,-0.0011126564673158423
2017-05-01,0.020607073238652296
2017-05-02,0.0062755798090041726
2017-05-03,-0.002982646420824242
2017-05-04,-0.003807451726951294
2017-05-05,0.01665301665301655
2017-05-08,0.027121374865735737
2017-05-09,0.006535947712418277
2017-05-10,-0.004675324675324721
2017-05-11,0.004436325678496944
2017-05-12,0.014029618082618933
2017-05-15,-0.002562131693569114
2017-05-16,-0.0015412278448497796
2017-05-17,-0.03370208386930784
2017-05-18,0.01544195953141636
2017-05-19,0.0034084950183534968
2017-05-22,0.006009929448654194
2017-05-23,-0.0012987012987012436
2017-05-24,-0.0028608582574772834
2017-05-25,0.003390714658320082
2017-05-26,-0.0018195996880686627
2017-05-30,0.0005208333333335258
2017-05-31,-0.005986465382613271
2017-06-01,0.0028803351662738397
2017-06-02,0.014621409921671047
2017-06-05,-0.009778692743180661
2017-06-06,0.0033783783783785104
2017-06-07,0.00595700595700599
2017-06-08,-0.0023171987641606995
2017-06-09,-0.03870967741935483
2017-06-12,-0.02389261744966442
2017-06-13,0.00797579757975786
2017-06-14,-0.009822646657571599
2017-06-15,-0.006062276109120912
2017-06-16,-0.013861935126143643
2017-06-19,0.028675850435760486
2017-06-20,-0.009292156326865308
2017-06-21,0.006068965517241454
2017-06-22,-0.0016451878256101837
2017-06-23,0.0043943971436419815
2017-06-26,-0.0030079299972655127
2017-06-27,-0.014536478332419112
2017-06-28,0.014750904536598997
2017-06-29,-0.014810751508502418
2017-06-30,0.0025055679287304677
2017-07-03,-0.0036101083032489267
2017-07-05,0.0039018952062430667
2017-07-06,-0.00943920044419777
2017-07-07,0.010369955156950494
2017-07-10,0.006102635228848907
2017-07-11,0.0030328094844223052
2017-07-12,0.0016492578339746267
2017-07-13,0.013721185510428002
2017-07-14,0.008662696264212233
2017-07-17,0.0034889962426194465
2017-07-18,0.0034768654720513936
2017-07-19,0.006396588486140553
2017-07-20,-0.0045021186440676875
2017-07-21,-0.0005320563979782644
2017-07-24,0.011977641735427369
2017-07-25,0.004471330878484947
2017-07-26,0.00471327572662994
2017-07-27,-0.019025280166796943
2017-07-28,-0.006907545164718365
2017-07-31,-0.005350454788657144
2017-08-01,0.008875739644970349
2017-08-02,0.047454012263396406
2017-08-03,-0.010180707559175328
2017-08-04,0.005399845718693674
2017-08-07,0.01534526854219953
2017-08-08,0.008060453400503764
2017-08-09,0.0062468765617191835
2017-08-10,-0.03575862925254547
2017-08-11,0.013906773113572024
2017-08-14,0.014986029972060111
2017-08-15,0.011011011011010874
2017-08-16,-0.003960396039603853
2017-08-17,-0.019135188866799324
2017-08-18,-0.0022802128198631255
2017-08-21,-0.002031488065007747
2017-08-22,0.016539440203562572
2017-08-23,0.0012515644555692873
2017-08-24,-0.0044999999999999485
2017-08-25,0.003766951280763431
2017-08-28,0.010007505629221924
2017-08-29,0.008917513004706557
2017-08-30,0.0027007120058926137
2017-08-31,0.003917727717923425
2017-09-01,0.00024390243902439046
2017-09-05,-0.011948305291392236
2017-09-06,-0.000987166831194597
2017-09-07,-0.0039525691699603405
2017-09-08,-0.016369047619047672
2017-09-11,0.01815431164901682
2017-09-12,-0.003962357602773747
2017-09-13,-0.007707608155146706
2017-09-14,-0.008519168128288568
2017-09-15,0.010108668182966962
2017-09-18,-0.007505629221916332
2017-09-19,0.0002520796571716666
2017-09-20,-0.016633064516128893
2017-09-21,-0.017170681701691448
2017-09-22,-0.00990873533246417
2017-09-25,-0.00869107189886753
2017-09-26,0.017268862911795857
2017-09-27,0.007051449464612336
2017-09-28,-0.006224066390041583
2017-09-29,0.005480167014613846
2017-10-02,-0.002076304178562083
2017-10-03,0.004421326397919145
2017-10-04,-0.006473329880890777
2017-10-05,0.012509773260359847
2017-10-06,-0.000514800514800573
2017-10-09,0.0033479268606748658
2017-10-10,0.0005133470225870962
2017-10-11,0.004104669061057109
2017-10-12,-0.0035769034236076136
2017-10-13,0.0064102564102563875
2017-10-16,0.018343949044586028
2017-10-17,0.0037528146109582217
2017-10-18,-0.004486540378863424
2017-10-19,-0.023535302954431625
2017-10-20,0.0015384615384614886
2017-10-23,-0.0005120327700973704
2017-10-24,0.006147540983606703
2017-10-25,-0.0045824847250509615
2017-10-26,0.006393861892583175
2017-10-27,0.03583227445997439
2017-10-30,0.02257114818449457
2017-10-31,0.013915547024951902
2017-11-01,-0.012778040700425874
2017-11-02,0.007430488974113247
2017-11-03,0.026171782060433024
2017-11-06,0.009969858567122625
2017-11-07,0.003213957759412356
2017-11-08,0.008237986270022812
2017-11-09,-0.0020426690876078624
2017-11-10,-0.006822833750284252
2017-11-13,-0.004121822761621208
2017-11-14,-0.014945964589560767
2017-11-15,-0.013305322128851493
2017-11-16,0.012065294535131166
2017-11-17,-0.005610098176718092
2017-11-20,-0.0009402914903620108
2017-11-21,0.018588235294117572
2017-11-22,0.010395010395010562
2017-11-24,0.0
2017-11-27,-0.005029721079103822
2017-11-28,-0.0057444852941176405
2017-11-29,-0.02079963022879605
2017-11-30,0.013924946896389123
2017-12-01,-0.004655493482309203
2017-12-04,-0.00724976613657613
2017-12-05,-0.0009422850412250661
2017-12-06,-0.003772695119075631
2017-12-07,0.0018934911242602936
2017-12-08,0.00023623907394298982
2017-12-11,0.019603212092583755
2017-12-12,-0.005559416261292638
2017-12-13,0.0032611227579781854
2017-12-14,-0.00023218017181325656
2017-12-15,0.009986065954482148
2017-12-18,0.01425615083927334
2017-12-19,-0.010655180231240013
2017-12-20,-0.0011457378551786856
2017-12-21,0.003670566643725559
2017-12-22,0.0
2017-12-26,-0.0253714285714286
2017-12-27,0.00023452157598491397
2017-12-28,0.0028135990621338536
2017-12-29,-0.010755202244563944
2018-01-02,0.017962656582368286
2018-01-03,-0.00023218017181325656
2018-01-04,0.004644681839294007
2018-01-05,0.011326860841424091
2018-01-08,-0.0036571428571428033
2018-01-09,-0.0002294104152329446
2018-01-10,-0.00022946305644788723
2018-01-11,0.0057378930456737365
2018-01-12,0.010269283432222887
2018-01-16,-0.004969505308335398
2018-01-17,0.016572077185017076
2018-01-18,0.0008932559178205235
2018-01-19,-0.004462293618920143
2018-01-22,-0.008292245629762385
2018-01-23,0.00022598870056489417
2018-01-24,-0.015815634884771668
2018-01-25,-0.017906336088154284
2018-01-26,0.002337540906965918
2018-01-29,-0.020755597014925353
2018-01-30,-0.005953798523458009
2018-01-31,0.0028749401054144474
2018-02-01,0.0021500238891543066
2018-02-02,-0.04338498212157327
2018-02-05,-0.025168203339147932
2018-02-06,0.04192229038854811
2018-02-07,-0.021344455348380698
2018-02-08,-0.027575833542241246
2018-02-09,0.007991750451147306
2018-02-12,0.04040920716112528
2018-02-13,0.010078662733530086
2018-02-14,0.01825261620832319
2018-02-15,0.03369980879541101
2018-02-16,-0.0032369942196531776
2018-02-20,-0.00347947112038971
2018-02-21,-0.004422718808193671
2018-02-22,0.00841711480009355
2018-02-23,0.017389288198469632
2018-02-26,0.019598906107566094
2018-02-27,-0.003129190880643784
2018-02-28,-0.0015695067264573925
2018-03-01,-0.017516281158769353
2018-03-02,0.006857142857142895
2018-03-05,0.003632236095346242
2018-03-06,-0.0009047726758651953
2018-03-07,-0.009282318315598892
2018-03-08,0.010968921389396868
2018-03-09,0.017179023508137492
2018-03-12,0.00955555555555554
2018-03-13,-0.009685230024213065
2018-03-14,-0.008446321404756651
2018-03-15,0.00112082492714638
2018-03-16,-0.0033587102552619097
2018-03-19,-0.015277465738036344
2018-03-20,-0.0004563084645219373
2018-03-21,-0.022597580461081956
2018-03-22,-0.014245679588977045
2018-03-23,-0.02298033641317221
2018-03-26,0.04728419010669249
2018-03-27,-0.025468858532067484
2018-03-28,-0.011166547873604271
2018-03-29,0.007928880345987599
2018-04-02,-0.006674612634088195
2018-04-03,0.010319174466042691
2018-04-04,0.019002375296911955
2018-04-05,0.006993006993007089
2018-04-06,-0.02546296296296302
2018-04-09,0.009738717339667469
2018-04-10,0.018819101387908876
2018-04-11,-0.004617871161394671
2018-04-12,0.009974483878450568
2018-04-13,0.003215434083601254
2018-04-16,0.0064102564102563875
2018-04-17,0.01364877161055511
2018-04-18,-0.002244165170556589
2018-04-19,-0.028340080971659853
2018-04-20,-0.0409722222222223
2018-04-23,-0.002896451846488013
2018-04-24,-0.013798111837327487
2018-04-25,0.00417280314187507
2018-04-26,0.0036665851869959187
2018-04-27,-0.011690209449586098
2018-04-30,0.018235584031542684
2018-05-01,0.023233301064859546
2018-05-02,0.043992431409650035
2018-05-03,0.001812415043044746
2018-05-04,0.03934871099050219
2018-05-07,0.007180156657963455
2018-05-08,0.004752646359905022
2018-05-09,0.007095248333691906
2018-05-10,0.014304013663535287
2018-05-11,-0.0075773521363923235
2018-05-14,-0.0023329798515376865
2018-05-15,-0.009141156462585065
2018-05-16,0.009440034327397484
2018-05-17,-0.006376195536663021
2018-05-18,-0.0036363636363636598
2018-05-21,0.0070845856590811
2018-05-22,-0.002558089959496801
2018-05-23,0.006411626415900873
2018-05-24,-0.0010617965597792267
2018-05-25,0.0023384353741495723
2018-05-29,-0.003605514316012748
2018-05-30,-0.002128565346956046
2018-05-31,-0.0034129692832765013
2018-06-01,0.017979452054794676
2018-06-04,0.008410428931875602
2018-06-05,0.007714762301918254
2018-06-06,0.0035174839644114275
2018-06-07,-0.0026804123711340333
2018-06-08,-0.00909654744676447
2018-06-11,-0.0025036511579386023
2018-06-12,0.005438192846684675
2018-06-13,-0.008113168296234652
2018-06-14,0.000419463087248495
2018-06-15,-0.010272536687631062
2018-06-18,-0.0004236390595213635
2018-06-19,-0.01631701631701621
2018-06-20,0.004523912106850547
2018-06-21,-0.005575809564658085
2018-06-22,-0.003019193444037116
2018-06-25,-0.01492537313432829
2018-06-26,0.012516469038208244
2018-06-27,-0.0015181088700932932
2018-06-28,0.00738488271068638
2018-06-29,-0.0021561017680035155
2018-07-02,0.01123595505617958
2018-07-03,-0.01752136752136757
2018-07-05,0.008046976946498585
2018-07-06,0.013807982740021485
2018-07-09,0.01404554160459659
2018-07-10,-0.0012591815320041055
2018-07-11,-0.013027947047699162
2018-07-12,0.016819246327443027
2018-07-13,0.0014656616415409385
2018-07-16,-0.0020907380305248413
2018-07-17,0.002723653886444577
2018-07-18,-0.0054325114918512
2018-07-19,0.007773109243697451
2018-07-20,-0.002293099854075442
2018-07-23,0.0008357709987463213
2018-07-24,0.007306889352818313
2018-07-25,0.009533678756476593
2018-07-26,-0.003284746458632748
2018-07-27,-0.016477857878475777
2018-07-30,-0.005654450261780131
2018-07-31,0.0018955349620892736
2018-08-01,0.059070842968257375
2018-08-02,0.029178245335450548
2018-08-03,0.0028929604628735728
2018-08-06,0.005192307692307718
2018-08-07,-0.009374402142720561
2018-08-08,0.0005793742757822518
2018-08-09,0.007913530206523856
2018-08-10,-0.006510915358100222
2018-08-13,0.0065535851966074254
2018-08-14,0.004212945231711895
2018-08-15,0.0022883295194509046
2018-08-16,0.014649923896499217
2018-08-17,0.02006375398462401
2018-08-20,-0.00974264705882355
2018-08-21,-0.002041952849452411
2018-08-22,0.0
2018-08-23,0.0020461309523809312
2018-08-24,0.0031557453127901702
2018-08-27,0.00832716506291642
2018-08-28,0.008074876124059438
2018-08-29,0.014928090296741248
2018-08-30,0.009147982062780224
2018-08-31,0.011553501599715688
2018-09-04,0.003162888771744976
2018-09-05,-0.006480994920301408
2018-09-06,-0.016572637517630384
2018-09-07,-0.008067407673001181
2018-09-10,-0.013555033435749153
2018-09-11,0.025283986808354753
2018-09-12,-0.012330235882773377
2018-09-13,0.024063687352994467
2018-09-14,-0.011307420494699683
2018-09-17,-0.026626161543960025
2018-09-18,0.0016522856618321757
2018-09-19,0.0005498533724339616
2018-09-20,0.00769371679794828
2018-09-21,-0.010725322668605597
2018-09-24,0.01433296582138932
2018-09-25,0.006340579710144789
2018-09-26,-0.007920792079207928
2018-09-27,0.02050444565414633
2018-09-28,0.0035561877667140696
2018-10-01,0.006732813607370769
2018-10-02,0.008799718409010948
2018-10-03,0.01221214235868806
2018-10-04,-0.0175801447776629
2018-10-05,-0.016315789473684172
2018-10-08,-0.002318530408418118
2018-10-09,0.01394351090454049
2018-10-10,-0.046368124118476683
2018-10-11,-0.008874098724348412
2018-10-12,0.0358142137660884
2018-10-15,-0.021429857734557856
2018-10-16,0.022083179977916645
2018-10-17,-0.004321209938782933
2018-10-18,-0.023327305605786552
2018-10-19,0.015182373634512025
2018-10-22,0.0060186029545867825
2018-10-23,0.009427121102248082
2018-10-24,-0.03430316091954022
2018-10-25,0.021945322670634093
2018-10-26,-0.01583257506824398
2018-10-29,-0.018860946745562046
2018-10-30,0.005088578967206825
2018-10-31,0.026064129008062986
2018-11-01,0.015350877192982448
2018-11-02,-0.06641468682505403
2018-11-05,-0.028340080971659853
2018-11-06,0.010714285714285676
2018-11-07,0.03042795445622315
2018-11-08,-0.007048961706991874
2018-11-09,-0.019186492709132752
2018-11-12,-0.050469483568075124
2018-11-13,-0.009888751545117369
2018-11-14,-0.028297960882230577
2018-11-15,0.024625267665952855
2018-11-16,0.011076280041797393
2018-11-19,-0.03947912360479544
2018-11-20,-0.047772756617172396
2018-11-21,-0.001129943502824804
2018-11-23,-0.025565610859728527
2018-11-26,0.013698630136986134
2018-11-27,-0.0022904260192394554
2018-11-28,0.038567493112947604
2018-11-29,-0.007736516357206069
2018-11-30,-0.005346402316774412
2018-12-03,0.034938409854423425
2018-12-04,-0.04414628868210346
2018-12-06,-0.011093502377179099
2018-12-07,-0.03571428571428581
2018-12-10,0.006647673314339908
2018-12-11,-0.005660377358490565
2018-12-12,0.002846299810246755
2018-12-13,0.010879848628192912
2018-12-14,-0.032054281703322474
2018-12-17,-0.009185400048344117
2018-12-18,0.012929982922664118
2018-12-19,-0.031310211946050215
2018-12-20,-0.025111884634510195
2018-12-21,-0.039020657995409325
2018-12-24,-0.02574309978768574
2018-12-26,0.07028057749931893
2018-12-27,-0.006362942224484636
2018-12-28,0.0005122950819673733
2018-12-31,0.00972862263184826
2019-01-02,0.0010141987829614951
2019-01-03,-0.09954407294832823
2019-01-04,0.042756680731364405
2019-01-07,-0.0024278392230915324
2019-01-08,0.01919956733369399
2019-01-09,0.01698063146723272
2019-01-10,0.003130707018001777
2019-01-11,-0.009882964889466939
2019-01-14,-0.014972419227738398
2019-01-15,0.020533333333333514
2019-01-16,0.01228116017768488
2019-01-17,0.005937016004130102
2019-01-18,0.00615858352578913
2019-01-22,-0.02244325427186944
2019-01-23,0.003913383772501833
2019-01-24,-0.0077962577962576995
2019-01-25,0.03300157150340488
2019-01-28,-0.009127789046653123
2019-01-29,-0.010491299897645745
2019-01-30,0.06826997672614432
2019-01-31,0.0072621641249090985
2019-02-01,0.0004806536890171742
2019-02-04,0.028344943550324242
2019-02-05,0.01728568091567384
2019-02-06,0.00022962112514357536
2019-02-07,-0.018824609733700703
2019-02-08,-0.0032756200280767978
2019-02-11,-0.005633802816901401
2019-02-12,0.008498583569405138
2019-02-13,-0.003979400749063666
2019-02-14,0.003525264394829808
2019-02-15,-0.002107728337236603
2019-02-19,0.002816240319173824
2019-02-20,0.0065527732272407935
2019-02-21,-0.005580097651708749
2019-02-22,0.01098901098901095
2019-02-25,0.007400555041628065
2019-02-26,0.00045913682277309853
2019-02-27,0.0032124827902708653
2019-02-28,-0.00983531564501372
2019-03-01,0.010395010395010562
2019-03-04,0.005029721079103711
2019-03-05,-0.0018198362147406888
2019-03-06,-0.005697356426618061
2019-03-07,-0.01146000458400187
2019-03-08,0.0023185717597957733
2019-03-11,0.03469812630117963
2019-03-12,0.011178180192264797
2019-03-13,0.004421843908910095
2019-03-14,0.011005943209333013
2019-03-15,0.01306335728282182
2019-03-18,0.010315925209542165
2019-03-19,-0.008083386513507707
2019-03-20,0.00879262277503745
2019-03-21,0.03677721088435382
2019-03-22,-0.020709452532294503
2019-03-25,-0.011934673366834181
2019-03-26,-0.010383555838101133
2019-03-27,0.008993576017130467
2019-03-28,0.0012733446519526126
2019-03-29,0.006570580754557076
2019-04-01,0.006738260686460329
2019-04-02,0.014641288433381972
2019-04-03,0.006802721088435382
2019-04-04,0.0016380016380015405
2019-04-05,0.006745707277187263
2019-04-08,0.01583756345177667
2019-04-09,-0.002998201079352336
2019-04-10,0.005613472333600544
2019-04-11,-0.0083732057416267
2019-04-12,-0.00040209087253728626
2019-04-15,0.0018101367658891476
2019-04-16,0.0
2019-04-17,0.019474001204577318
2019-04-18,0.0037416305632138602
2019-04-22,0.0031391014322150745
2019-04-23,0.014472912184627429
2019-04-24,-0.0015423173317909988
2019-04-25,-0.009075111025294458
2019-04-26,-0.004676539360872978
2019-04-29,0.0013703993735316722
2019-04-30,-0.01915933528836744
2019-05-01,0.049033286824795796
2019-05-02,-0.006460193805814196
2019-05-03,0.012430675081277487
2019-05-06,-0.0154892330940688
2019-05-07,-0.026861089792785897
2019-05-08,0.00019716088328070036
2019-05-09,-0.010841711019120792
2019-05-10,-0.017536867277800017
2019-05-13,-0.05821501014198782
2019-05-14,0.015937971139349694
2019-05-15,0.011871952512189754
2019-05-16,-0.004399748585794949
2019-05-17,-0.005681818181818232
2019-05-20,-0.03132275132275131
2019-05-21,0.019226567620712176
2019-05-22,-0.020364415862808016
2019-05-23,-0.017067833698030666
2019-05-24,-0.004007123775601085
2019-05-28,-0.0040232454179705
2019-05-29,-0.004712746858168804
2019-05-30,0.005186020293122873
2019-05-31,-0.018169582772543658
2019-06-03,-0.010052547406899759
2019-06-04,0.03646434341103166
2019-06-05,0.016254731685593438
2019-06-06,0.01468010517090268
2019-06-07,0.026560138199092975
2019-06-10,0.012831299957930087
2019-06-11,0.011422637590861928
2019-06-12,-0.0030800821355236874
2019-06-13,-0.0002059732234809264
2019-06-14,-0.007210548001648109
2019-06-17,0.00581033409421039
2019-06-18,0.02351970290901595
2019-06-19,-0.0028220116911913395
2019-06-20,0.008085708510208178
2019-06-21,-0.003408863043914079
2019-06-24,-0.001006036217303885
2019-06-25,-0.015307150050352436
2019-06-26,0.021681325424422138
2019-06-27,-0.0002002002002002845
2019-06-28,-0.009211053263916691
2019-07-01,0.01839126919967682
2019-07-02,0.005755110140901021
2019-07-03,0.008287292817679592
2019-07-05,-0.0007827788649705791
2019-07-08,-0.02056404230317277
2019-07-09,0.005998800239952029
2019-07-10,0.00993838203140518
2019-07-11,-0.007282031096241037
2019-07-12,0.0077319587628865705
2019-07-15,0.009246507967735518
2019-07-16,-0.003313840155945269
2019-07-17,-0.005671816937218854
2019-07-18,0.011408339889850572
2019-07-19,-0.014974718008557097
2019-07-22,0.02290227048371185
2019-07-23,0.007720517274657279
2019-07-24,-0.0007661367554108178
2019-07-25,-0.007858922752539854
2019-07-26,0.0034775888717155645
2019-07-29,0.009241432422025575
2019-07-30,-0.004196871423120974
2019-07-31,0.02030651340996159
2019-08-01,-0.021592189260232764
2019-08-02,-0.021109192093648033
2019-08-05,-0.05234267790629277
2019-08-06,0.018824989656599067
2019-08-07,0.01035532994923849
2019-08-08,0.022106109324758982
2019-08-09,-0.011993708218639432
2019-08-12,-0.002587064676616957
2019-08-13,0.042298483639265916
2019-08-14,-0.0296707503828485
2019-08-15,-0.0049319392385085425
2019-08-16,0.02359238699444899
2019-08-19,0.01859384079023818
2019-08-20,0.0
2019-08-21,0.01083856246434678
2019-08-22,-0.0007524454477050302
2019-08-23,-0.04631024096385539
2019-08-26,0.018949861823924108
2019-08-27,-0.011235955056179692
2019-08-28,0.006661442006269613
2019-08-29,0.01693265862203197
2019-08-30,-0.0011483253588516762
2019-09-03,-0.014562176662195836
2019-09-04,0.01691619677231193
2019-09-05,0.019502868068833612
2019-09-06,0.0
2019-09-09,0.004126031507877048
2019-09-10,0.011953679491968572
2019-09-11,0.03174603174603163
2019-09-12,-0.0023255813953487747
2019-09-13,-0.019365250134480982
2019-09-16,0.005302614737612066
2019-09-17,0.0036376864314295876
2019-09-18,0.00924247915911569
2019-09-19,-0.008080445322319885
2019-09-20,-0.014663287472845843
2019-09-23,0.004593055300385895
2019-09-24,-0.004754937820043881
2019-09-25,0.015435501653803696
2019-09-26,-0.00524791892870069
2019-09-27,-0.0047298526468982915
2019-09-30,0.023396088466459464
2019-10-01,0.0028576531523485382
2019-10-02,-0.02511130899376668
2019-10-03,0.008586043112897235
2019-10-04,0.02789349755479087
2019-10-07,0.00035242290748893623
2019-10-08,-0.011802008102871242
2019-10-09,0.0117647058823529
2019-10-10,0.013389711064129672
2019-10-11,0.026599443671766254
2019-10-14,-0.001354784081286975
2019-10-15,-0.002374088519586204
2019-10-16,-0.004079551249362434
2019-10-17,0.003925584570745766
2019-10-18,0.00476028561713715
2019-10-21,0.01742808798646367
2019-10-22,-0.002328288707799775
2019-10-23,0.013502250375062363
2019-10-24,0.00164473684210531
2019-10-25,0.012315270935960632
2019-10-28,0.009894566098945567
2019-10-29,-0.02312881464824923
2019-10-30,0.0
2019-10-31,0.022525485037816484
2019-11-01,0.028461167390255726
2019-11-04,0.0065666041275795894
2019-11-05,-0.001553277415346277
2019-11-06,0.00046670815183569303
2019-11-07,0.008552324677344014
2019-11-08,0.0027752081406107187
2019-11-11,0.007841328413283888
2019-11-12,-0.0009153318077803618
2019-11-13,0.009619789280806312
2019-11-14,-0.006957047791893656
2019-11-15,0.011879378617118519
2019-11-18,0.0051173991571342725
2019-11-19,-0.003144654088050425
2019-11-20,-0.011566771819137678
2019-11-21,-0.004559270516717229
2019-11-22,-0.0007633587786258778
2019-11-25,0.017417876241405672
2019-11-26,-0.007808980327376647
2019-11-27,0.013470561525654512
2019-11-29,-0.0022401433691755512
2019-12-02,-0.011525220775333023
2019-12-03,-0.017867958812840756
2019-12-04,0.008942337341967255
2019-12-05,0.014669926650366927
2019-12-06,0.01927710843373487
2019-12-09,-0.014036643026004714
2019-12-10,0.0058444477746140144
2019-12-11,0.008492252681763901
2019-12-12,0.0026591815630079285
2019-12-13,0.01355532635921608
2019-12-16,0.017153656054659017
2019-12-17,0.001857939116764351
2019-12-18,-0.002282453637660442
2019-12-19,0.0010008578781814936
2019-12-20,-0.0021425510641337464
2019-12-23,0.016318350987689634
2019-12-24,0.0009859154929576786
2019-12-26,0.019839594765724167
2019-12-27,-0.00041390728476820016
2019-12-30,0.005935127674258078
2019-12-31,0.0072722283205268745
2020-01-02,0.022885165508786276
2020-01-03,-0.009721667332534323
2020-01-06,0.007934373318988719
2020-01-07,-0.004669779853235578
2020-01-08,0.01608579088471851
2020-01-09,0.02124010554089706
2020-01-10,0.002196098695258941
2020-01-13,0.02139726733694247
2020-01-14,-0.013503281171125647
2020-01-15,-0.004221568376615026
2020-01-16,0.012461459403905417
2020-01-17,0.011039208222306973
2020-01-21,-0.006777108433735024
2020-01-22,0.0036643922163255294
2020-01-23,0.004784086617147132
2020-01-24,-0.0028818443804035088
2020-01-27,-0.029404372958029668
2020-01-28,0.028223718280683707
2020-01-29,0.021027449005288412
2020-01-30,-0.0014798372179061214
2020-01-31,-0.04433740891688287
2020-02-03,-0.002713879555440557
2020-02-04,0.032914344952701624
2020-02-05,0.008154560281018686
2020-02-06,0.011697361871577883
2020-02-07,-0.015867158671586612
2020-02-10,0.004749406324209504
2020-02-11,-0.006095285483268986
2020-02-12,0.023779724655819567
2020-02-13,-0.007090464547677255
2020-02-14,0.0002462447672986201
2020-02-18,-0.018340718857705496
2020-02-19,0.014545454545454417
2020-02-20,-0.010258311704362866
2020-02-21,-0.022727272727272596
2020-02-24,-0.047406082289803364
2020-02-25,-0.033936955063715635
2020-02-26,0.015828936406553806
2020-02-27,-0.06533624931656645
2020-02-28,-0.0005849663644339476
2020-03-02,0.09306409130816506
2020-03-03,-0.031726907630522105
2020-03-04,0.04645375362919957
2020-03-05,-0.032500990883868375
2020-03-06,-0.013245937457326162
2020-03-09,-0.07915859396623304
2020-03-10,0.07213706041478796
2020-03-11,-0.034763106251752274
2020-03-12,-0.09875108916642461
2020-03-13,0.11972284885594564
2020-03-16,-0.12865160454741686
2020-03-17,0.04409578860445906
2020-03-18,-0.024517557734893947
2020-03-19,-0.007621209664342432
2020-03-20,-0.06356209150326797
2020-03-23,-0.021287733379863893
2020-03-24,0.10037439828846484
2020-03-25,-0.00550874918988975
2020-03-26,0.05262300423590749
2020-03-27,-0.04132487231078785
2020-03-30,0.02841459476913144
2020-03-31,-0.0020408163265306367
2020-04-01,-0.05254050652823661
2020-04-02,0.016603021749958424
2020-04-03,-0.014372039849746776
2020-04-06,0.08732394366197194
2020-04-07,-0.011581834806461577
2020-04-08,0.025593586185630457
2020-04-09,0.007215874924834775
2020-04-13,0.019552238805970124
2020-04-14,0.05050505050505061
2020-04-15,-0.009057971014492794
2020-04-16,0.007875123048797672
2020-04-17,-0.013534254220733954
2020-04-20,-0.02079207920792081
2020-04-21,-0.03091145457171751
2020-04-22,0.028916380980771983
2020-04-23,-0.003911342894393655
2020-04-24,0.028795811518324443
2020-04-27,0.0007068136839130101
2020-04-28,-0.016103969487215708
2020-04-29,0.03273510409188796
2020-04-30,0.021131655776449376
2020-05-01,-0.016065350578625015
2020-05-04,0.014113740141137532
2020-05-05,0.015008868877063541
2020-05-06,0.010350853609355948
2020-05-07,0.010377860564129815
2020-05-08,0.020937582301817192
2020-05-11,0.015735844189346038
2020-05-12,-0.011428571428571455
2020-05-13,-0.012074502247912622
2020-05-14,0.006241060980366697
2020-05-15,-0.005943920403152836
2020-05-18,0.02352788249057558
2020-05-19,-0.005715011430022732
2020-05-20,0.019414995529441814
2020-05-21,-0.007517854905400467
2020-05-22,0.006438580987249143
2020-05-26,-0.0067737079779226494
2020-05-27,0.004420308158625819
2020-05-28,0.0003772161448509781
2020-05-29,-0.0008798391151333407
2020-06-01,0.012202792804126394
2020-06-02,0.004722843649018316
2020-06-03,0.00544285007422074
2020-06-04,-0.008612204724409489
2020-06-05,0.02854306279473806
2020-06-08,0.005912162162162282
2020-06-09,0.03154611970732879
2020-06-10,0.0256976744186046
2020-06-11,-0.04795374674073227
2020-06-12,0.008573469873779382
2020-06-15,0.012396694214876103
2020-06-16,0.026472303206997116
2020-06-17,-0.0013633265167006803
2020-06-18,0.0003412969283276279
2020-06-19,-0.005686341407938111
2020-06-22,0.026192382477410403
2020-06-23,0.021288452964779214
2020-06-24,-0.017570664629488197
2020-06-25,0.013219284603421366
2020-06-26,-0.03069838833461236
2020-06-29,0.023074312860536184
2020-06-30,0.008291873963515828
2020-07-01,-0.0018640350877192624
2020-07-02,0.0
2020-07-06,0.026694496319894512
2020-07-07,-0.0031029317355016905
2020-07-08,0.023290758827948954
2020-07-09,0.0035661841829242036
2020-07-10,0.0025083612040133207
2020-07-13,-0.004587155963302725
2020-07-14,0.01654796816087134
2020-07-15,0.006902946630950035
2020-07-16,-0.012381049831167612
2020-07-17,-0.0019685039370078705
2020-07-20,0.021073393543029173
2020-07-21,-0.013826758845058906
2020-07-22,0.0027835051546392098
2020-07-23,-0.04544052636989826
2020-07-24,-0.002477113624124838
2020-07-27,0.023645001079680483
2020-07-28,-0.016453960552684332
2020-07-29,0.01919571045576407
2020-07-30,0.01210016835016825
2020-07-31,0.1046886370724609
2020-08-03,0.0252211556559383
2020-08-04,0.006700936295208404
2020-08-05,0.0035561229141971573
2020-08-06,0.034890059967290554
2020-08-07,-0.02449517120280953
2020-08-10,0.014580145801458055
2020-08-11,-0.029717022975250695
2020-08-12,0.03318705430608904
2020-08-13,0.01769754888947883
2020-08-14,-0.0008694896095992055
2020-08-17,-0.0026107388390914643
2020-08-18,0.008288980019195646
2020-08-19,0.0012980269989615323
2020-08-20,0.02221069916169749
2020-08-21,0.051487994589110686
2020-08-24,0.011980381120848982
2020-08-25,-0.008183696170347976
2020-08-26,0.013538412240647224
2020-08-27,-0.011934871957002824
2020-08-28,-0.001599872010239256
2020-08-31,0.033891515102956404
2020-09-01,0.03983261004339744
2020-09-02,-0.020718437919213017
2020-09-03,-0.08006088280060886
2020-09-04,0.0006618133686300265
2020-09-08,-0.0672949735449736
2020-09-09,0.039886544938840585
2020-09-10,-0.03264575519945445
2020-09-11,-0.013128910036126484
2020-09-14,0.030000000000000027
2020-09-15,0.0015603328710125375
2020-09-16,-0.029513588367664934
2020-09-17,-0.015963613662712817
2020-09-18,-0.03172013775602678
2020-09-21,0.030325720703856085
2020-09-22,0.015715843023255793
2020-09-23,-0.0419461586620159
2020-09-24,0.01026885735623595
2020-09-25,0.03751617076326008
2020-09-28,0.02386889918061974
2020-09-29,-0.007567849686847539
2020-09-30,0.015075817337189878
2020-10-01,0.008462136257663344
2020-10-02,-0.032280160972686156
2020-10-05,0.03079101044062993
2020-10-06,-0.028669527896995728
2020-10-07,0.016967126193001114
2020-10-08,-0.0009558567952728803
2020-10-09,0.017395842393667982
2020-10-12,0.06352056082756263
2020-10-13,-0.026527331189710734
2020-10-14,0.0007431874483898593
2020-10-15,-0.003960722831916841
2020-10-16,-0.01400049705906714
2020-10-19,-0.0255419257267685
2020-10-20,0.013191929643041833
2020-10-21,-0.0054463449919155416
2020-10-22,-0.009583297681184266
2020-10-23,-0.006133909287256989
2020-10-26,8.692628650885936e-05
2020-10-27,0.013472403302911662
2020-10-28,-0.046312178387650005
2020-10-29,0.03705035971223003
2020-10-30,-0.05601803676725625
2020-11-02,-0.0008267499540695056
2020-11-03,0.015353498207226313
2020-11-04,0.04083665338645415
2020-11-05,0.03549369290996074
2020-11-06,-0.002856422750567078
2020-11-09,-0.01996798382340559
2020-11-10,-0.0030089408528197747
2020-11-11,0.030352677416573215
2020-11-12,-0.0023432923257176164
2020-11-13,0.0004194279003439938
2020-11-16,0.008720442730169253
2020-11-17,-0.0075644222776392045
2020-11-18,-0.01139123879721915
2020-11-19,0.005168177581970745
2020-11-20,-0.010957518543492917
2020-11-23,-0.02974262825975804
2020-11-24,0.011594202898550732
2020-11-25,0.007467222366935866
2020-11-27,0.004826338016030274
2020-11-30,0.021099579723818485
2020-12-01,0.030827383452330936
2020-12-02,0.002933507170795213
2020-12-03,-0.0011374715632109789
2020-12-04,-0.005612493899463167
2020-12-07,0.012269938650306678
2020-12-08,0.005090909090909035
2020-12-09,-0.0209036822640295
2020-12-10,0.011988832320578124
2020-12-11,-0.006734826355079493
2020-12-14,-0.005146638346540278
2020-12-15,0.050090326818853725
2020-12-16,-0.0005473881764153088
2020-12-17,0.006963461387997638
2020-12-18,-0.015850815850815825
2020-12-21,0.012395389231012022
2020-12-22,0.02846447789128903
2020-12-23,-0.006976038823172437
2020-12-24,0.007712278558338337
2020-12-28,0.03576570432674098
2020-12-29,-0.013314799912210074
2020-12-30,-0.008526729443167569
2020-12-31,-0.00770266227938976
2021-01-04,-0.02471927048006628
2021-01-05,0.012363804960976665
2021-01-06,-0.033661552553240215
2021-01-07,0.034123222748815074
2021-01-08,0.008631225175679935
2021-01-11,-0.023248769405528336
2021-01-12,-0.0013955652039073785
2021-01-13,0.01622670807453397
2021-01-14,-0.015127206050882358
2021-01-15,-0.013730509657900791
2021-01-19,0.005427088249174039
2021-01-20,0.032856137057028834
2021-01-21,0.036658335226842365
2021-01-22,0.016073646525900376
2021-01-25,0.027683900194146682
2021-01-26,0.0016792611251050804
2021-01-27,-0.007683710533668564
2021-01-28,-0.03498521751372663
2021-01-29,-0.037420672550879
2021-02-01,0.016520157623522103
2021-02-02,0.00633666318771442
2021-02-03,-0.0077783539521446565
2021-02-04,0.025757802000895946
2021-02-05,-0.004585486571075048
2021-02-08,0.0010968119333139015
2021-02-09,-0.006573661529471919
2021-02-10,-0.004558488346445122
2021-02-11,-0.00192037816677737
2021-02-12,0.0017760674905646923
2021-02-16,-0.016104011228484927
2021-02-17,-0.017643967264809657
2021-02-18,-0.00863650259859372
2021-02-19,0.0012335209313083517
2021-02-22,-0.02979902979902982
2021-02-23,-0.0011111111111110628
2021-02-24,-0.0040521214047354315
2021-02-25,-0.034782608695652195
2021-02-26,0.002231589387552857
2021-03-01,0.05385122876463799
2021-03-02,-0.020893653650520427
2021-03-03,-0.024456521739130488
2021-03-04,-0.015811895788956254
2021-03-05,0.010738366769333263
2021-03-08,-0.04167352989622797
2021-03-09,0.04064970780336896
2021-03-10,-0.009166735486002109
2021-03-11,0.016502750458409654
2021-03-12,-0.007625450967530312
2021-03-15,0.02445674626125749
2021-03-16,0.012742963142188923
2021-03-17,-0.0064505853308910455
2021-03-18,-0.033905097787752525
2021-03-19,-0.004480212395254313
2021-03-22,0.0283356946412201
2021-03-23,-0.006888726801199452
2021-03-24,-0.019993471519503814
2021-03-25,0.004163544008660258
2021-03-26,0.005141388174807027
2021-03-29,0.0014850259879548577
2021-03-30,-0.012274487190048533
2021-03-31,0.018765638031693177
2021-04-01,0.0069586573884568015
2021-04-05,0.02357723577235782
2021-04-06,0.0024622716441620174
2021-04-07,0.013390381110847116
2021-04-08,0.019233776387802992
2021-04-09,0.020251610923596175
2021-04-12,-0.013233082706766819
2021-04-13,0.02430661383724475
2021-04-14,-0.017853157777281914
2021-04-15,0.018707869423615797
2021-04-16,-0.002527881040892188
2021-04-19,0.005068574836016637
2021-04-20,-0.012830020765351446
2021-04-21,0.0029299075952218256
2021-04-22,-0.01168539325842699
2021-04-23,0.018038502349552843
2021-04-26,0.0029779630732580387
2021-04-27,-0.0024495249406176756
2021-04-28,-0.006027234169208806
2021-04-29,-0.0007486150621351939
2021-04-30,-0.015133353311357345
2021-05-03,0.008215426745778132
2021-05-04,-0.035385543986721
2021-05-05,0.001955416503715224
2021-05-06,0.012802498048399835
2021-05-07,0.003622629875134953
2021-05-10,-0.025804469702787936
2021-05-11,-0.00741032715806067
2021-05-12,-0.02493844809784762
2021-05-13,0.01791968722000492
2021-05-14,0.019844762743058464
2021-05-17,-0.009258532757944304
2021-05-18,-0.011245743248594287
2021-05-19,-0.0012815378454145154
2021-05-20,0.021012110032881504
2021-05-21,-0.014767103919566371
2021-05-24,0.013314199154907058
2021-05-25,-0.0015735641227379027
2021-05-26,-0.00039401103230896073
2021-05-27,-0.012376823019314087
2021-05-28,-0.00534802043422733
2021-06-01,-0.002648262579247218
2021-06-02,0.006276150627614996
2021-06-03,-0.012154166000319822
2021-06-04,0.01902217905131942
2021-06-07,7.943442688063129e-05
2021-06-08,0.006671961874503474
2021-06-09,0.003077165851349317
2021-06-10,-0.008023283253362656
2021-06-11,0.009832685750535308
2021-06-14,0.024577934825284586
2021-06-15,-0.006437768240343367
2021-06-16,0.003933970996606195
2021-06-17,0.012600845178639908
2021-06-18,-0.010091812732377137
2021-06-21,0.014103939904951845
2021-06-22,0.012698412698412431
2021-06-23,-0.002089864158829724
2021-06-24,-0.002169035153328336
2021-06-25,-0.0022487069934786774
2021-06-28,0.012546014574412068
2021-06-29,0.011500222584953423
2021-06-30,0.004621139881170633
2021-07-01,0.0022634345794392274
2021-07-02,0.019596415822831004
2021-07-06,0.014718490997427836
2021-07-07,0.0179552175749893
2021-07-08,-0.00919969564916634
2021-07-09,0.013055012566322244
2021-07-12,-0.004203707532216994
2021-07-13,0.007889273356401327
2021-07-14,0.02410052183466105
2021-07-15,-0.00449212202480731
2021-07-16,-0.014075969827586188
2021-07-19,-0.02691440672177059
2021-07-20,0.025974025974026205
2021-07-21,-0.0051317139924734745
2021-07-22,0.009628610729023324
2021-07-23,0.011989100817438647
2021-07-26,0.002894453419493903
2021-07-27,-0.014900328881132907
2021-07-28,-0.012195952851400294
2021-07-29,0.004552352048558417
2021-07-30,0.0015105740181271532
2021-08-02,-0.002331002331002363
2021-08-03,0.01264431006047273
2021-08-04,-0.0027823018458199567
2021-08-05,0.0007485539299081356
2021-08-06,-0.00625594995240053
2021-08-09,-0.0003421376762008377
2021-08-10,-0.0033540967896502627
2021-08-11,0.0017857142857145014
2021-08-12,0.020773344302755792
2021-08-13,0.0014104372355430161
2021-08-16,0.013547954393024808
2021-08-17,-0.0061540497617788015
2021-08-18,-0.025501032026100212
2021-08-19,0.0023230390817161606
2021-08-20,0.010156782549420651
2021-08-23,0.010257102368580906
2021-08-24,-0.0006011622470109002
2021-08-25,-0.00842133404625045
2021-08-26,-0.005527096252359254
2021-08-27,0.00718449234106
2021-08-30,0.03041722745625841
2021-08-31,-0.0084247648902821
2021-09-01,0.004478693275373535
2021-09-02,0.007474919677398217
2021-09-03,0.004230393752033823
2021-09-07,0.01548930654569003
2021-09-08,-0.010083604569532056
2021-09-09,-0.006704919089678407
2021-09-10,-0.033101836827416076
2021-09-13,0.0038934013559777103
2021-09-14,-0.009562019391507914
2021-09-15,0.0061436672967862815
2021-09-16,-0.0016104140106019127
2021-09-17,-0.018348007258552235
2021-09-20,-0.02136108448582774
2021-09-21,0.003428011753183302
2021-09-22,0.016872341908944932
2021-09-23,0.006719232087761595
2021-09-24,0.0006129537560441989
2021-09-27,-0.010549959161448297
2021-09-28,-0.023801334525693107
2021-09-29,0.006482982171799101
2021-09-30,-0.009311769236154954
2021-10-01,0.008127208480565473
2021-10-04,-0.02460567823343862
2021-10-05,0.01415840160988946
2021-10-06,0.006307136276663572
2021-10-07,0.009084507042253387
2021-10-08,-0.00272175308814282
2021-10-11,-0.0006298110566830273
2021-10-12,-0.009103003991317249
2021-10-13,-0.004239983040067785
2021-10-14,0.020225675963380763
2021-10-15,0.0075125208681137146
2021-10-18,0.011806130903065482
2021-10-19,0.015080177413851814
2021-10-20,0.0033611185802635557
2021-10-21,0.001473938094600058
2021-10-22,-0.005284987958255272
2021-10-25,-0.00033627009213810233
2021-10-26,0.00457481162540363
2021-10-27,-0.0031476024645057388
2021-10-28,0.024991602284178738
2021-10-29,-0.0181556007078717
2021-11-01,-0.005607476635514086
2021-11-02,0.007116004296455536
2021-11-03,0.009798693507532263
2021-11-04,-0.0034985807644069
2021-11-05,0.002119766825649183
2021-11-08,-0.005552617662612391
2021-11-09,0.0024594522733316637
2021-11-10,-0.01916318546515494
2021-11-11,-0.0003380205516494428
2021-11-12,0.01433691756272415
2021-11-15,6.667111140745696e-05
2021-11-16,0.006666666666666599
2021-11-17,0.01649006622516569
2021-11-18,0.02853606098117134
2021-11-19,0.016975992905555293
2021-11-22,0.0029274369355341
2021-11-23,0.002422059371506524
2021-11-24,0.0032835635958119447
2021-11-26,-0.03167839940718786
2021-11-29,0.021873604999681273
2021-11-30,0.03157763354967558
2021-12-01,-0.003206291591046573
2021-12-02,-0.006129756630454675
2021-12-03,-0.011724474841230959
2021-12-06,0.021502718734552673
2021-12-07,0.035446406968304034
2021-12-08,0.022783035401331864
2021-12-09,-0.002970070824765858
2021-12-10,0.02801329055911994
2021-12-13,-0.020674282529952515
2021-12-14,-0.008023216114714904
2021-12-15,0.028509149314518423
2021-12-16,-0.0392638036809817
2021-12-17,-0.006501799605247882
2021-12-20,-0.008122005375715724
2021-12-21,0.019086892488954454
2021-12-22,0.015318804555176424
2021-12-23,0.0036438168982009245
2021-12-27,0.022974812797821764
2021-12-28,-0.005767204569400608
2021-12-29,0.0005019800323498025
2021-12-30,-0.006578213847697634
2021-12-31,-0.0035353535353535026
2022-01-03,0.025004223686433402
2022-01-04,-0.012691610351079574
2022-01-05,-0.02659988870339458
2022-01-06,-0.01669334552938484
2022-01-07,0.000988372093023271
2022-01-10,0.00011616425625837756
2022-01-11,0.016783785353388758
2022-01-12,0.0025702535983549435
2022-01-13,-0.019028086367002817
2022-01-14,0.005110633602415815
2022-01-18,-0.01889408909689716
2022-01-19,-0.02102473498233226
2022-01-20,-0.01034710942669792
2022-01-21,-0.012765181447936258
2022-01-24,-0.004864232497998833
2022-01-25,-0.011384729612671673
2022-01-26,-0.0005632745024408692
2022-01-27,-0.0029432024547560998
2022-01-28,0.0697776661223466
2022-01-31,0.026125755885633595
2022-02-01,-0.000972651333104424
2022-02-02,0.007044270087623872
2022-02-03,-0.01671974522292996
2022-02-04,-0.0029496818970504712
2022-02-07,-0.004234584372643346
2022-02-08,0.01846673657229414
2022-02-09,0.008293771091917757
2022-02-10,-0.02359882005899705
2022-02-11,-0.020218452242621532
2022-02-14,0.0014231499051233776
2022-02-15,0.023152534343912734
2022-02-16,-0.0013889692690548516
2022-02-17,-0.02126919733410615
2022-02-18,-0.009355755566082369
2022-02-22,-0.01781231320980281
2022-02-23,-0.025864167478091504
2022-02-24,0.01668020241144519
2022-02-25,0.012965466388103586
2022-02-28,0.0016378525932667642
2022-03-01,-0.011627906976744318
2022-03-02,0.020588235294117796
2022-03-03,-0.001981268011527426
2022-03-04,-0.01840822956145105
2022-03-07,-0.023717595146166448
2022-03-08,-0.01167608286252364
2022-03-09,0.03499745934959342
2022-03-10,-0.027186253451979003
2022-03-11,-0.023908655059298622
2022-03-14,-0.026562399017643568
2022-03-15,0.0296773336874252
2022-03-16,0.02901541040686051
2022-03-17,0.006454038473588497
2022-03-18,0.020918939110945
2022-03-21,0.00853762653982204
2022-03-22,0.020800580481315833
2022-03-23,0.008233621608814135
2022-03-24,0.022677868515363242
2022-03-25,0.0037341299477222645
2022-03-28,0.005036630036630019
2022-03-29,0.01913439635535319
2022-03-30,-0.006649530621367861
2022-03-31,-0.01777577769027394
2022-04-01,-0.001718114655518077
2022-04-04,0.023693419769376334
2022-04-05,-0.0189419412687738
2022-04-06,-0.01845081686278982
2022-04-07,0.0018041087120990174
2022-04-08,-0.011908911351225626
2022-04-11,-0.02551590334528786
2022-04-12,0.011523378582201982
2022-04-13,0.016342598115233198
2022-04-14,-0.029988262910798147
2022-04-18,-0.0013309940105269424
2022-04-19,0.014115223844429758
2022-04-20,-0.0010155316606930143
2022-04-21,-0.004843628535549871
2022-04-22,-0.027821175339502457
2022-04-25,0.006737128376290258
2022-04-26,-0.037328094302553905
2022-04-27,-0.0014668367346939437
2022-04-28,0.04515552149198432
2022-04-29,-0.036604742116841726
2022-05-02,0.001966381224230984
2022-05-03,0.009622689288427244
2022-05-04,0.04100827689992492
2022-05-05,-0.05571617877364177
2022-05-06,0.00325317343879572
2022-05-09,-0.033189216683621514
2022-05-10,0.016112061028541236
2022-05-11,-0.05184130476991777
2022-05-12,-0.02689419795221837
2022-05-13,0.03191638608305292
2022-05-16,-0.010672286044456691
2022-05-17,0.025422564243507084
2022-05-18,-0.05641919056553213
2022-05-19,-0.024641386166737722
2022-05-20,0.00174736075718962
2022-05-23,0.040119194708917894
2022-05-24,-0.01921598770176791
2022-05-25,0.0011399259048161525
2022-05-26,0.023199544548818674
2022-05-27,0.04075671164278738
2022-05-31,-0.00534616412723854
2022-06-01,-0.000873421123353868
2022-06-02,0.01681124335955886
2022-06-03,-0.038555651081277786
2022-06-06,0.005227679185582534
2022-06-07,0.0175858765567265
2022-06-08,-0.005043373007867613
2022-06-09,-0.03595566369289016
2022-06-10,-0.038628715647784584
2022-06-13,-0.038284839203675314
2022-06-14,0.0066727327873823405
2022-06-15,0.02011147936125357
2022-06-16,-0.03965148046961531
2022-06-17,0.011533138551437894
2022-06-21,0.03276071754332621
2022-06-22,-0.0038271877529992837
2022-06-23,0.021573697820465476
2022-06-24,0.024517248860924212
2022-06-27,0.0
2022-06-28,-0.029789637159395754
2022-06-29,0.013023864959254894
2022-06-30,-0.018027723910076787
2022-07-01,0.01616442363955528
2022-07-05,0.018930396602605537
2022-07-06,0.009607233681830918
2022-07-07,0.023999440246291748
2022-07-08,0.004714724974376416
2022-07-11,-0.014757889009793135
2022-07-12,0.006833712984054774
2022-07-13,-0.002536679007267284
2022-07-14,0.020482507388823956
2022-07-15,0.011450124604297063
2022-07-18,-0.020643270959579074
2022-07-19,0.02672196913034619
2022-07-20,0.013509933774834337
2022-07-21,0.015094093047569368
2022-07-22,-0.00811071773414862
2022-07-25,-0.007398273736128336
2022-07-26,-0.008826413860738791
2022-07-27,0.03423482849604231
2022-07-28,0.0035716563556349445
2022-07-29,0.032793136320305116
2022-08-01,-0.006153467478924424
2022-08-02,-0.009287350628444102
2022-08-03,0.03824760952440465
2022-08-04,-0.0019262023716366539
2022-08-05,-0.0027742596948314713
2022-08-08,-0.002902933172059252
2022-08-09,0.0003032692424334016
2022-08-10,0.026194518554450763
2022-08-11,-0.004431576459465902
2022-08-12,0.021425603893405976
2022-08-15,0.006333527019174889
2022-08-16,-0.0009238408684103527
2022-08-17,0.008784603825926274
2022-08-18,-0.0022916069894013402
2022-08-19,-0.01510192362905538
2022-08-22,-0.023029384328358327
2022-08-23,-0.002029002804798008
2022-08-24,0.0017939364946482073
2022-08-25,0.014922700411866607
2022-08-26,-0.037699229547726865
2022-08-29,-0.01369025791468037
2022-08-30,-0.015305490147477951
2022-08-31,-0.010634950600969084
2022-09-01,0.004706780307848879
2022-09-02,-0.01361104076981523
2022-09-06,-0.008215133816828146
2022-09-07,0.009253866563126989
2022-09-08,-0.009617850730956667
2022-09-09,0.01883982908196291
2022-09-12,0.038507974836372805
2022-09-13,-0.058679556996879434
2022-09-14,0.00955538221528851
2022-09-15,-0.018929882171141554
2022-09-16,-0.010960162761698644
2022-09-19,0.02508294625082952
2022-09-20,0.015665458311755698
2022-09-21,-0.020267686424474185
2022-09-22,-0.006375227686703067
2022-09-23,-0.015123739688359339
2022-09-26,0.002260187462607144
2022-09-27,0.006566293029117043
2022-09-28,-0.01265155508697935
2022-09-29,-0.04911906033101987
2022-09-30,-0.030039303761931535
2022-10-03,0.030752532561505008
2022-10-04,0.025623025623025653
2022-10-05,0.002053388090349051
2022-10-06,-0.006625683060109244
2022-10-07,-0.03671869627999724
2022-10-10,0.0023556285245198705
2022-10-11,-0.010254949437402017
2022-10-12,-0.004604979133688181
2022-10-13,0.03361283793552117
2022-10-14,-0.03224001678439059
2022-10-17,0.029122705593293885
2022-10-18,0.009409451583456185
2022-10-19,0.000765217391304418
2022-10-20,-0.0032670652022801505
2022-10-21,0.027059069670130498
2022-10-24,0.014802743260677431
2022-10-25,0.019337571094011574
2022-10-26,-0.019627149796507926
2022-10-27,-0.030465349849347012
2022-10-28,0.07555248618784538
2022-10-31,-0.015410299216643164
2022-11-01,-0.017542715534107245
2022-11-02,-0.037305011616329264
2022-11-03,-0.04240501965110666
2022-11-04,-0.0036002304147465525
2022-11-07,0.0039022980199450163
2022-11-08,0.004175064785488125
2022-11-09,-0.03318996415770603
2022-11-10,0.08897456810261728
2022-11-11,0.019268741063525496
2022-11-14,-0.009485637942551639
2022-11-15,0.011869436201780381
2022-11-16,-0.008331111703545724
2022-11-17,0.012971301834800775
2022-11-18,0.003781847133757843
2022-11-21,-0.02168021680216803
2022-11-22,0.01466117154246338
2022-11-23,0.005926221867092796
2022-11-25,-0.019593565896604104
2022-11-28,-0.02626426304773488
2022-11-29,-0.021148245735681637
2022-11-30,0.04859389388680335
2022-12-01,0.0018915084780111169
2022-12-02,-0.003371316836356275
2022-12-05,-0.007983221703538379
2022-12-06,-0.025369978858350906
2022-12-07,-0.013784899587152788
2022-12-08,0.012132822477650018
2022-12-09,-0.003434980722047065
2022-12-12,0.01638998311761397
2022-12-13,0.006782476295937423
2022-12-14,-0.015535849316010153
2022-12-15,-0.04685426995321562
2022-12-16,-0.014578754578754682
2022-12-19,-0.015909597799420028
2022-12-20,-0.0005288207297725611
2022-12-21,0.023809523809523725
2022-12-22,-0.023772609819121437
2022-12-23,-0.002798154730393798
2022-12-27,-0.013878355831943079
2022-12-28,-0.030685226486195427
2022-12-29,0.02832434147889562
2022-12-30,0.0024689452974306914
2023-01-03,-0.03740475640729635
2023-01-04,0.010314224034540631
2023-01-05,-0.010604621715732843
2023-01-06,0.03679411294192936
2023-01-09,0.004088875173584361
2023-01-10,0.004456396465616574
2023-01-11,0.0211122160177466
2023-01-12,-0.0005992958274029236
2023-01-13,0.01011918147065427
2023-01-17,0.008756307509646843
2023-01-18,-0.005370016183610327
2023-01-19,0.0004437541601953754
2023-01-20,0.019220817624011177
2023-01-23,0.023500398926525
2023-01-24,0.010063071362766518
2023-01-25,-0.00470076475128034
2023-01-26,0.014803327224023555
2023-01-27,0.01368435676576829
2023-01-30,-0.020078119646405823
2023-01-31,0.00902097902097898
2023-02-01,0.00790075542310631
2023-02-02,0.03706250429760005
2023-02-03,0.024399946956637164
2023-02-06,-0.017928802588996873
2023-02-07,0.019244710999802406
2023-02-08,-0.017652764306498647
2023-02-09,-0.006911532385465935
2023-02-10,0.0009279512162787551
2023-02-13,0.018806701542944282
2023-02-14,-0.00422489437764062
2023-02-15,0.013903394255874835
2023-02-16,-0.010429408356402492
2023-02-17,-0.0075466788107474425
2023-02-21,-0.02667977712225511
2023-02-22,0.002896012931034475
2023-02-23,0.003290578201598393
2023-02-24,-0.01800535475234266
2023-02-27,0.008247563219957676
2023-02-28,-0.0034478096268252267
2023-03-01,-0.014245980598331154
2023-03-02,0.004129103296400816
2023-03-03,0.0350901240490713
2023-03-06,0.01853936304045556
2023-03-07,-0.014496522134824219
2023-03-08,0.008377308707124165
2023-03-09,-0.014914633348596884
2023-03-10,-0.01387874360847341
2023-03-13,0.013265993265993314
2023-03-14,0.014089187213398136
2023-03-15,0.0026214037617144914
2023-03-16,0.01869403228969202
2023-03-17,-0.005453962143086244
2023-03-20,0.015483870967742064
2023-03-21,0.011944091486658204
2023-03-22,-0.009103465595178273
2023-03-23,0.006969524171577035
2023-03-24,0.008305543320958897
2023-03-27,-0.012293291731669265
2023-03-28,-0.003980288097043205
2023-03-29,0.019790675547098013
2023-03-30,0.009889904832991236
2023-03-31,0.015644247351564333
2023-04-03,0.00770163735597329
2023-04-04,-0.00324968405849424
2023-04-05,-0.011290225200748738
2023-04-06,0.005495847581827196
2023-04-10,-0.015972306571116257
2023-04-11,-0.007591186817256013
2023-04-12,-0.0043532338308458485
2023-04-13,0.034103685196752
2023-04-14,-0.0021140372070548308
2023-04-17,0.00012105804733364423
2023-04-18,0.007504690431519689
2023-04-19,0.006968222502552912
2023-04-20,-0.005846208912485773
2023-04-21,-0.009780978097809756
2023-04-24,0.0018785601745243685
2023-04-25,-0.009435674106332836
2023-04-26,-6.106124442828431e-05
2023-04-27,0.028395212506106438
2023-04-28,0.007541119885992487
2023-05-01,-0.0005304101838755626
2023-05-02,-0.0061914027949762085
2023-05-03,-0.006467307464103511
2023-05-04,-0.009913406987160367
2023-05-05,0.04692683515290419
2023-05-08,-0.0004032955003744343
2023-05-09,-0.009971181556195918
2023-05-10,0.010420911684228873
2023-05-11,0.0010947222862409678
2023-05-12,-0.0067913669064748605
2023-05-15,-0.0028973749782696956
2023-05-16,0.0
2023-05-17,0.003603184750392341
2023-05-18,0.013666106896751407
2023-05-19,0.0006283918880318762
2023-05-22,-0.005480703356930849
2023-05-23,-0.015154994259471755
2023-05-24,0.0016320820704127659
2023-05-25,0.006692271880819334
2023-05-26,0.014104861552690862
2023-05-30,0.010659522316593506
2023-05-31,-0.0002820078962211259
2023-06-01,0.01602256699576876
2023-06-02,0.004775390082736308
2023-06-05,-0.0075711522520032215
2023-06-06,-0.0020603630693841746
2023-06-07,-0.007756263601361613
2023-06-08,0.01546507704420197
2023-06-09,0.002159827213823018
2023-06-12,0.015638815207780654
2023-06-13,-0.0026116763697697776
2023-06-14,0.003491353444983858
2023-06-15,0.011198695297635286
2023-06-16,-0.005859900005376062
2023-06-20,0.0004866969500325613
2023-06-21,-0.00567536889897835
2023-06-22,0.016525331593824744
2023-06-23,-0.0017112299465240621
2023-06-26,-0.007553031926290976
2023-06-27,0.015059102930857549
2023-06-28,0.006327767733701917
2023-06-29,0.001796565389696081
2023-06-30,0.02310248430824413
2023-07-03,-0.007784708975614785
2023-07-05,-0.005871349890886446
2023-07-06,0.0025087545079180984
2023-07-07,-0.005891246546061213
2023-07-10,-0.010855884203901822
2023-07-11,-0.002810031281480274
2023-07-12,0.008985538068906784
2023-07-13,0.004057543341940084
2023-07-14,0.000787236275847647
2023-07-17,0.017305574492632037
2023-07-18,-0.0013402752719213762
2023-07-19,0.007071697723636028
2023-07-20,-0.010097385955920024
2023-07-21,-0.00616165277274372
2023-07-24,0.004220068771491059
2023-07-25,0.004513618677042919
2023-07-26,0.004544985022208348
2023-07-27,-0.006580976863753252
2023-07-28,0.013507918434944699
2023-07-31,0.0031660113363629616
2023-08-01,-0.004275897174853549
2023-08-02,-0.015490005623434389
2023-08-03,-0.007321632568283443
2023-08-04,-0.048020086833708064
2023-08-07,-0.01725369525798126
2023-08-08,0.005311713726586564
2023-08-09,-0.008954393770856606
2023-08-10,-0.0012346371850272542
2023-08-11,-0.0010114064168118553
2023-08-14,0.00939310422408468
2023-08-15,-0.011200267469073988
2023-08-16,-0.004959143420681822
2023-08-17,-0.014555133941213105
2023-08-18,0.0028160919540229923
2023-08-21,0.007736833056335657
2023-08-22,0.00790491355777978
2023-08-23,0.021948879986458447
2023-08-24,-0.026170494699646718
2023-08-25,0.012643156820501211
2023-08-28,0.008846089244723077
2023-08-29,0.02181031133803213
2023-08-30,0.01917227894851181
2023-08-31,0.0011723954169997608
2023-09-01,0.00846329908979615
2023-09-05,0.0012667581547554096
2023-09-06,-0.035793357933579295
2023-09-07,-0.02924935760756653
2023-09-08,0.00349177742734863
2023-09-11,0.0066225165562914245
2023-09-12,-0.017060660124888494
2023-09-13,-0.011854792966534355
2023-09-14,0.008782503874634084
2023-09-15,-0.004153863662228363
2023-09-18,0.016913319238900604
2023-09-19,0.006180816991627758
2023-09-20,-0.019992181828335176
2023-09-21,-0.008889395407145728
2023-09-22,0.004944517909503787
2023-09-25,0.007380284913324653
2023-09-26,-0.023398455247614747
2023-09-27,-0.008897418004186974
2023-09-28,0.0015255530129671957
2023-09-29,0.0030464584920031346
2023-10-02,0.014835582033759565
2023-10-03,-0.007769784172661831
2023-10-04,0.007308584686774866
2023-10-05,0.007197973050788953
2023-10-06,0.014750443085015164
2023-10-09,0.008451180348188592
2023-10-10,-0.003352142577797812
2023-10-11,0.007904030494983116
2023-10-12,0.0050611790878754
2023-10-13,-0.010292734215040733
2023-10-16,-0.0007268660889012679
2023-10-17,-0.008784691136973999
2023-10-18,-0.007394863110358418
2023-10-19,-0.002161055505004561
2023-10-20,-0.014704206086857519
2023-10-23,0.0006941230911614582
2023-10-24,0.0025433526011560126
2023-10-25,-0.013491697416974202
2023-10-26,-0.02460549386323796
2023-10-27,0.007969321109713157
2023-10-30,0.0123053144691474
2023-10-31,0.0028187210053438605
2023-11-01,0.018738654330385796
2023-11-02,0.0206932229694774
2023-11-03,-0.005181055358450148
2023-11-06,0.014605151429380125
2023-11-07,0.01445070579702068
2023-11-08,0.005884941150588352
2023-11-09,-0.002624528405052118
2023-11-10,0.021873800778466235
2023-11-13,-0.008583690987124415
2023-11-14,0.014285714285714235
2023-11-15,0.0030409731113956173
2023-11-16,0.009042072230200704
2023-11-17,-0.00010542406831481888
2023-11-20,0.0
2023-11-21,0.005008171226738245
2023-11-22,0.0035144775493076708
2023-11-24,-0.0070043385081804965
2023-11-27,-0.0009475180291624863
2023-11-28,0.0032140787185837016
2023-11-29,-0.005409663865546199
2023-11-30,0.003062787136294043
2023-12-01,0.006791260858120651
2023-12-04,-0.009464547165864867
2023-12-05,0.02106318956870612
2023-12-06,-0.005687105780167512
2023-12-07,0.010139351081530856
2023-12-08,0.007412364235342528
2023-12-11,-0.012927290378621392
2023-12-12,0.007920074541878153
2023-12-13,0.016691489908068347
2023-12-14,0.0007577288341078514
2023-12-15,-0.0027257584170411464
2023-12-18,-0.008503315280660062
2023-12-19,0.005360151105212152
2023-12-20,-0.010713923022240168
2023-12-21,-0.0007699019658163886
2023-12-22,-0.005547565235257901
2023-12-26,-0.0028409090909089496
2023-12-27,0.0005180005180005498
2023-12-28,0.0022262490292519477
2023-12-29,-0.00542411406137
2024-01-02,-0.0357866306549629
2024-01-03,-0.007487610428786873
2024-01-04,-0.012700135685210334
2024-01-05,-0.004012973448408452
2024-01-08,0.024174853736615542
2024-01-09,-0.0022634188402673727
2024-01-10,0.005671383817651643
2024-01-11,-0.0032225146355873147
2024-01-12,0.0017781130448837335
2024-01-16,-0.012317125645438853
2024-01-17,-0.005173446604585297
2024-01-18,0.03257061528355587
2024-01-19,0.015533054127127244
2024-01-22,0.012163290874921628
2024-01-23,0.006653257001392632
2024-01-24,-0.003483963520852562
2024-01-25,-0.0016966580976864876
2024-01-26,0.0
2024-01-29,-0.012566307874542937
2024-01-30,-0.019245814426537278
2024-01-31,-0.019357583492873753
2024-02-01,0.013340563991323329
2024-02-02,-0.005405116129722942
2024-02-05,0.00984665052461664
2024-02-06,0.008631713554987153
2024-02-07,0.0005810882197569978
2024-02-08,-0.005754712000422435
2024-02-09,0.0028143585386575243
2024-02-12,-0.009001853322742837
2024-02-13,-0.011274378840502308
2024-02-14,-0.00480977086035439
2024-02-15,-0.0015748031496062298
2024-02-16,-0.008430327423039286
2024-02-20,-0.004113871976304084
2024-02-21,0.004185944040537404
2024-02-22,0.011243966652040527
2024-02-23,-0.010034170418180777
2024-02-26,-0.007451238220469114
2024-02-27,0.008114374034003058
2024-02-28,-0.006625417510814247
2024-02-29,-0.0036930878624186203
2024-03-01,-0.006030428769018048
2024-03-04,-0.025381275743070253
2024-03-05,-0.02844089091947455
2024-03-06,-0.005878203620973466
2024-03-07,-0.0007095553453169146
2024-03-08,0.010236686390532546
2024-03-11,0.01183154688689747
2024-03-12,0.002778581765557009
2024-03-13,-0.01212261155688965
2024-03-14,0.010927365160988689
2024-03-15,-0.0021965317919074856
2024-03-18,0.006372378635152387
2024-03-19,0.01358507943817644
2024-03-20,0.014709223080417777
2024-03-21,-0.04085744668942737
2024-03-22,0.005310147633774909
2024-03-25,-0.008300441142326531
2024-03-26,-0.00667251975417027
2024-03-27,0.02121265688527485
2024-03-28,-0.010559113726847924
2024-04-01,-0.008455796594354914
2024-04-02,-0.0069987649238369976
2024-04-03,0.00479744136460547
2024-04-04,-0.004892425582080806
2024-04-05,0.004501836275322857
2024-04-08,0.0
2024-04-09,0.0005307229626134724
2024-04-10,-0.011139270348323183
2024-04-11,0.04327095005364168
2024-04-12,0.008626599634369292
2024-04-15,-0.02186349476069105
2024-04-16,-0.01916729399502004
2024-04-17,-0.008147360963513983
2024-04-18,-0.005714285714285783
2024-04-19,-0.012212643678160884
2024-04-22,0.005090909090909035
2024-04-23,0.006391702846116676
2024-04-24,0.012702216896345098
2024-04-25,0.0051473198438052314
2024-04-26,-0.003472835364058957
2024-04-29,0.024808033077377445
2024-04-30,-0.0182708933717578
2024-05-01,-0.006047085070157943
2024-05-02,0.022031896042528087
2024-05-03,0.05981621684101013
