Date,MSFT RoC
2014-05-07,0.009344598054275233
2014-05-08,0.00545339251743826
2014-05-09,-0.0025227043390515513
2014-05-12,0.010875063227111736
2014-05-13,0.011258443832874665
2014-05-14,-0.004453240969816918
2014-05-15,-0.015904572564612307
2014-05-16,0.005808080808080707
2014-05-19,-0.0020085362791865125
2014-05-20,-0.001761006289308198
2014-05-21,0.016885080645161255
2014-05-22,-0.006195786864931829
2014-05-23,0.0004987531172069293
2014-05-27,0.0017447657028912822
2014-05-28,-0.004478726051256543
2014-05-29,0.008247938015496281
2014-05-30,0.014873574615765772
2014-06-02,-0.003663898387884723
2014-06-03,-0.012257906349595449
2014-06-04,0.0007446016381236209
2014-06-05,0.022073412698412787
2014-06-06,0.006551807813637289
2014-06-09,-0.005062680810028808
2014-06-10,-0.0038769081657379356
2014-06-11,-0.006081245439065963
2014-06-12,-0.006852667645619204
2014-06-13,0.016017742730409124
2014-06-16,0.006548629638612802
2014-06-17,0.004337349397590451
2014-06-18,-0.0007197696737044623
2014-06-19,-0.003361344537815114
2014-06-20,0.004095398699108799
2014-06-23,0.007437619961612407
2014-06-24,-0.005834722552988891
2014-06-25,0.00682716492993185
2014-06-26,-0.007375684035213048
2014-06-27,0.012703739213806298
2014-06-30,-0.013017751479289852
2014-07-01,0.004076738609112507
2014-07-02,0.0007165034631000378
2014-07-03,-0.0023866348448687846
2014-07-07,0.00454545454545463
2014-07-08,-0.005001190759704732
2014-07-09,-0.002632838678793714
2014-07-10,0.00035997120230391033
2014-07-11,0.0097157250809643
2014-07-14,0.001187930624851452
2014-07-15,0.007356430944470915
2014-07-16,0.038398115429917334
2014-07-17,0.01020871143375679
2014-07-18,0.003593083314619383
2014-07-21,0.003244573730140976
2014-07-22,-0.000111520017843314
2014-07-23,0.0008922596475573474
2014-07-24,-0.010474704702473803
2014-07-25,0.0022522522522523403
2014-07-28,-0.01191011235955064
2014-07-29,-0.0019331362292471788
2014-07-30,-0.006984163153697209
2014-07-31,-0.009603359454777083
2014-08-01,-0.0069508804448562556
2014-08-04,0.011899206719552025
2014-08-05,-0.006686649757897123
2014-08-06,-0.00789229340761366
2014-08-07,0.01146467009826857
2014-08-08,-0.000693962526023495
2014-08-11,0.0
2014-08-12,0.007407407407407307
2014-08-13,0.012867647058823373
2014-08-14,0.004310344827586299
2014-08-15,0.01174610345606486
2014-08-18,0.007144451886581749
2014-08-19,0.004876967412990485
2014-08-20,-0.008382969335980484
2014-08-21,0.006006674082313701
2014-08-22,-0.001547987616099089
2014-08-25,0.00044296788482833804
2014-08-26,-0.003652866947088773
2014-08-27,-0.002999666703699666
2014-08-28,0.00022286605749965993
2014-08-29,0.01225490196078427
2014-09-02,-0.007484041382346374
2014-09-03,-0.0028831226436016877
2014-09-04,0.006672597864768592
2014-09-05,0.014361467079098578
2014-09-08,0.012197778261816561
2014-09-09,0.0062405853238647335
2014-09-10,0.0017108639863132602
2014-09-11,0.0034158838599487318
2014-09-12,-0.006489361702127661
2014-09-15,-0.009744083949030924
2014-09-16,0.011245674740484324
2014-09-17,-0.0051325919589391145
2014-09-18,0.0034393809114359186
2014-09-19,0.01799485861182526
2014-09-22,-0.009680134680134733
2014-09-23,-0.010624734381640466
2014-09-24,0.011168384879725046
2014-09-25,-0.022090059473237056
2014-09-26,0.008036490008688002
2014-09-29,0.0006464124111182912
2014-09-30,-0.0017226528854435985
2014-10-01,-0.009922346850733454
2014-10-02,-0.003050108932461937
2014-10-03,0.007211538461538547
2014-10-06,0.0
2014-10-07,-0.012150141028422712
2014-10-08,0.02745442565341527
2014-10-09,-0.019880290722530947
2014-10-10,-0.03969465648854964
2014-10-13,-0.008630479218714626
2014-10-14,0.001832760595647187
2014-10-15,-0.011662474273953727
2014-10-16,-0.011105969458583886
2014-10-17,0.020823584464202183
2014-10-20,0.010314004125601572
2014-10-21,0.01814882032667886
2014-10-22,-0.011140819964349347
2014-10-23,0.014420910319963953
2014-10-24,0.02465570857396715
2014-10-27,-0.004769130717537484
2014-10-28,0.012633413199738763
2014-10-29,0.0027963002796298486
2014-10-30,-0.012226512226512276
2014-10-31,0.01954397394136831
2014-11-03,0.010436634717784665
2014-11-04,0.002740303541315381
2014-11-05,0.006096279167542518
2014-11-06,0.017551190973673192
2014-11-07,-0.000410677618069899
2014-11-10,0.00431388660640919
2014-11-11,-0.0004090816117816587
2014-11-12,-0.0018416206261508972
2014-11-13,0.017015170151701398
2014-11-14,-0.0006047167909696283
2014-11-17,-0.0024203307785396477
2014-11-18,-0.01455721795390208
2014-11-19,-0.010668855149774337
2014-11-20,0.009954375777685653
2014-11-21,-0.014784394250513477
2014-11-24,-0.00812838682784478
2014-11-25,-0.0025215381382643898
2014-11-26,0.005898462186644249
2014-11-28,0.0012565445026178068
2014-12-01,0.016942062330056462
2014-12-02,-0.0032908268202385127
2014-12-03,-0.007841518778374024
2014-12-04,0.015806988352745632
2014-12-05,-0.008599508599508643
2014-12-08,-0.014973151590252032
2014-12-09,-0.0022014886256420674
2014-12-10,-0.01449884429502002
2014-12-11,0.005756929637526609
2014-12-12,-0.004663981344074641
2014-12-15,-0.005963791267305618
2014-12-16,-0.0323548317977288
2014-12-17,0.012843224092117023
2014-12-18,0.03891560996939214
2014-12-19,0.002946127946127808
2014-12-22,0.006714225765841464
2014-12-23,0.009795748228428547
2014-12-24,-0.006398348813209553
2014-12-26,-0.00540091400083087
2014-12-29,-0.008980785296574756
2014-12-30,-0.009062170706006345
2014-12-31,-0.012122501063377311
2015-01-02,0.0066738428417651985
2015-01-05,-0.00930282292557727
2015-01-06,-0.014570966001079433
2015-01-07,0.01270536692223434
2015-01-08,0.02941812675751687
2015-01-09,-0.008405127127547929
2015-01-12,-0.01250264886628516
2015-01-13,-0.005257510729613779
2015-01-14,-0.008629058354007069
2015-01-15,-0.010336198455010326
2015-01-16,0.01671064204045747
2015-01-20,0.0032439446366780977
2015-01-21,-0.010131493856434526
2015-01-22,0.026350174216027922
2015-01-23,0.0010608953957138567
2015-01-26,-0.0036032217041119807
2015-01-27,-0.09253350350989153
2015-01-28,-0.034458509142053395
2015-01-29,0.019907744598203436
2015-01-30,-0.038324208521780534
2015-02-02,0.0217821782178218
2015-02-03,0.007751937984496138
2015-02-04,0.005769230769230749
2015-02-05,0.014579349904397798
2015-02-06,-0.0009422850412250661
2015-02-09,-0.0011789672247111138
2015-02-10,0.0056657223796034994
2015-02-11,-0.00516431924882621
2015-02-12,0.016753185464841946
2015-02-13,0.018101647714086733
2015-02-17,-0.00661043993617505
2015-02-18,-0.0011473152822395472
2015-02-19,-0.000689179875947632
2015-02-20,0.008160919540229905
2015-02-23,0.006726713031581344
2015-02-24,-0.0013590033975083848
2015-02-25,-0.00226808800181455
2015-02-26,0.0014776085473970912
2015-02-27,-0.004653274316195666
2015-03-02,0.000684150513112991
2015-03-03,-0.013673655423883324
2015-03-04,-0.005198706099815209
2015-03-05,0.0012774358378817574
2015-03-06,-0.01739735560194855
2015-03-09,0.011567516525023747
2015-03-10,-0.019136522753792296
2015-03-11,-0.0011896264572924808
2015-03-12,-0.022868032396379134
2015-03-13,0.008776206728425162
2015-03-16,0.004349927501208217
2015-03-17,0.0032483156881617514
2015-03-18,0.01930687132749731
2015-03-19,-0.005058823529411893
2015-03-20,0.01407118363485882
2015-03-23,-0.0005830223880598506
2015-03-24,0.0010500525026251317
2015-03-25,-0.03356643356643352
2015-03-26,-0.006029908345393187
2015-03-27,-0.005823829167677763
2015-03-30,-0.00024408103490358712
2015-03-31,-0.0074462890625
2015-04-01,0.0015988193334153245
2015-04-02,-0.01055992141453832
2015-04-06,0.031149168528170845
2015-04-07,-0.00036105427849320026
2015-04-08,-0.0026486876956416383
2015-04-09,0.0014485755673585565
2015-04-10,0.005785920925747368
2015-04-13,0.0009587727708533222
2015-04-14,-0.002634099616858232
2015-04-15,0.014525810324129695
2015-04-16,-0.0022482546444209106
2015-04-17,-0.012926944971536902
2015-04-20,0.03099843806319824
2015-04-21,-0.006292972846987599
2015-04-22,0.008209217778820221
2015-04-23,0.008258694893567675
2015-04-24,0.1045223811721272
2015-04-27,0.0033423856277419173
2015-04-28,0.023422860712055016
2015-04-29,-0.001932661987590234
2015-04-30,-0.008560945780676787
2015-05-01,0.0003083881578946901
2015-05-04,-0.008529441989517994
2015-05-05,-0.013266998341625258
2015-05-06,-0.027731092436974802
2015-05-07,0.00907519446845284
2015-05-08,0.0224839400428265
2015-05-11,-0.007958115183246073
2015-05-12,-0.0004222081486171536
2015-05-13,0.0058078141499471325
2015-05-14,0.022992125984252043
2015-05-15,-0.008723316912972012
2015-05-18,-0.005901232011595425
2015-05-19,-0.008956467402624457
2015-05-20,0.0
2015-05-21,-0.0033627574611180266
2015-05-22,-0.010965837199493955
2015-05-26,-0.006609808102345349
2015-05-27,0.021893110109465486
2015-05-28,-0.0033606385213189593
2015-05-29,-0.012434141201264515
2015-06-01,0.007895860008535927
2015-06-02,-0.006563624814736269
2015-06-03,-0.0014919011082693556
2015-06-04,-0.010458911419423789
2015-06-05,-0.004745470232959459
2015-06-08,-0.008885999133073308
2015-06-09,-0.0017493986442159715
2015-06-10,0.021029572836801735
2015-06-11,-0.0036472859901308663
2015-06-12,-0.010120585701981044
2015-06-15,-0.010767892103545784
2015-06-16,0.007806487080813662
2015-06-17,0.0030547676194632167
2015-06-18,0.016314988035675437
2015-06-19,-0.013270547945205435
2015-06-22,0.002819956616052055
2015-06-23,-0.006921912178239231
2015-06-24,-0.00598998039642773
2015-06-25,0.0003286950805303501
2015-06-26,-0.008543263964950754
2015-06-29,-0.01966416261599646
2015-06-30,-0.004958305161144927
2015-07-01,0.0066817667044167806
2015-07-02,-0.0010124873439082416
2015-07-06,-0.00022522522522516741
2015-07-07,-0.0020274836674927244
2015-07-08,-0.0013544018058689877
2015-07-09,0.006329113924050667
2015-07-10,0.0020215633423179558
2015-07-13,0.020847343644922578
2015-07-14,0.0017566974088711884
2015-07-15,0.003068829460762812
2015-07-16,0.019667832167832078
2015-07-17,-0.0008572653236176286
2015-07-20,0.006435006435006496
2015-07-21,0.007672634271099765
2015-07-22,-0.03680203045685282
2015-07-23,0.012516469038208244
2015-07-24,-0.0036868358273693946
2015-07-27,-0.012842838484980357
2015-07-28,-0.00022050716648291946
2015-07-29,0.020952801058667703
2015-07-30,0.012745733419745164
2015-07-31,-0.0038395904436859807
2015-08-03,0.00235546038543899
2015-08-04,0.015594958342234566
2015-08-05,0.0008413967185527671
2015-08-06,-0.020176544766708715
2015-08-07,0.002574002574002643
2015-08-10,0.012623020967051701
2015-08-11,-0.01943798859074586
2015-08-12,0.007110536522301425
2015-08-13,-0.00021394950791620015
2015-08-14,0.005777872886796542
2015-08-17,0.006808510638297793
2015-08-18,-0.0010566356720201897
2015-08-19,-0.01396234398138363
2015-08-20,-0.020381892297790194
2015-08-21,-0.056723609286027044
2015-08-24,-0.03227304388205243
2015-08-25,-0.029030710172744723
2015-08-26,0.05534964170990864
2015-08-27,0.027862327323811664
2015-08-28,0.0006833712984055662
2015-08-31,-0.00933302982016837
2015-09-01,-0.03906250000000011
2015-09-02,0.03682448589191778
2015-09-03,0.0032287822878229733
2015-09-04,-0.020459770114942488
2015-09-08,0.03003989673785501
2015-09-09,-0.0186830713146503
2015-09-10,0.005107963779893199
2015-09-11,0.004389004389004247
2015-09-14,-0.010119595216191324
2015-09-15,0.02184014869888462
2015-09-16,0.007276034561164213
2015-09-17,-0.0011286681715575453
2015-09-18,-0.017401129943502847
2015-09-21,0.01448942042318313
2015-09-22,-0.004760825209703001
2015-09-23,-0.0006833712984054552
2015-09-24,0.0009117848187827349
2015-09-25,0.0006832156684126733
2015-09-28,-0.014792899408283988
2015-09-29,0.0034650034650034467
2015-09-30,0.01887661141804786
2015-10-01,0.00790781744238589
2015-10-02,0.02151983860121054
2015-10-05,0.023260917270133907
2015-10-06,0.0025734505683037145
2015-10-07,0.0010695187165774556
2015-10-08,0.013888888888889062
2015-10-09,-0.007165437302423694
2015-10-12,-0.002334960730205893
2015-10-13,-0.002340425531914936
2015-10-14,-0.00447856685860526
2015-10-15,0.007069408740359773
2015-10-16,0.010636034886194468
2015-10-19,0.0023153020416755155
2015-10-20,0.0031499370012599837
2015-10-21,-0.01193217500523347
2015-10-22,0.01758474576271185
2015-10-23,0.10077035186341865
2015-10-26,0.02610175903158707
2015-10-27,-0.010322580645161339
2015-10-28,0.005401378282734237
2015-10-29,-0.011485735457576807
2015-10-30,-0.013493253373313308
2015-11-02,0.011398176291793405
2015-11-03,0.017092411720510903
2015-11-04,0.004616805170821747
2015-11-05,-0.0003676470588234171
2015-11-06,0.009930121368149969
2015-11-09,-0.013838310269483012
2015-11-10,-0.012001477104874425
2015-11-11,0.0026163333956270574
2015-11-12,-0.0061509785647716475
2015-11-13,-0.00900225056264059
2015-11-16,0.01750567751703258
2015-11-17,-0.014786571189435493
2015-11-18,0.01661317727015299
2015-11-19,0.0016713091922004875
2015-11-20,0.0046347793845014085
2015-11-23,0.0
2015-11-24,0.001107215353386204
2015-11-25,-0.010322580645161339
2015-11-27,0.004470106165021415
2015-11-30,0.00778787316892271
2015-12-01,0.016007359705611623
2015-12-02,-0.0001810938065918144
2015-12-03,-0.018293787357362756
2015-12-04,0.03154981549815483
2015-12-07,-0.0017885888034340214
2015-12-08,-0.0003583587170759017
2015-12-09,-0.014518730955368375
2015-12-10,0.00527464532557298
2015-12-11,-0.02189252759182203
2015-12-14,0.019977802441731418
2015-12-15,0.0010881392818280489
2015-12-16,0.016847826086956452
2015-12-17,-0.007660787457687501
2015-12-18,-0.02818671454219035
2015-12-21,0.01293183077775728
2015-12-22,0.009483859201167233
2015-12-23,0.008491418247515758
2015-12-24,-0.002687208885704062
2015-12-28,0.005029638943775838
2015-12-29,0.01072386058981234
2015-12-30,-0.0042440318302385815
2015-12-31,-0.014739833066950925
2016-01-04,-0.012256669069935056
2016-01-05,0.0045620437956204185
2016-01-06,-0.01816530426884655
2016-01-07,-0.034782608695652084
2016-01-08,0.003066896683917797
2016-01-11,-0.000573284922606554
2016-01-12,0.009177820267686432
2016-01-13,-0.021599090564607848
2016-01-14,0.02846630518977533
2016-01-15,-0.03991715307851629
2016-01-19,-0.008433026083545792
2016-01-20,0.004549050632911333
2016-01-21,-0.006103563693640512
2016-01-22,0.03585578446909676
2016-01-25,-0.009562057754828879
2016-01-26,0.007337323807685037
2016-01-27,-0.018209699060762974
2016-01-28,0.0163022256930887
2016-01-29,0.05830371722216898
2016-02-01,-0.006897803594118734
2016-02-02,-0.03125571193566079
2016-02-03,-0.01584905660377367
2016-02-04,-0.0030674846625766694
2016-02-05,-0.03538461538461546
2016-02-08,-0.014952153110047828
2016-02-09,-0.002631046346893262
2016-02-10,0.008725649350649345
2016-02-11,-0.0004023335345001433
2016-02-12,0.01630106661300057
2016-02-16,0.011683168316831694
2016-02-17,0.02603249168134658
2016-02-18,-0.004387638305990205
2016-02-19,-0.007089480743437404
2016-02-22,0.01601698186028555
2016-02-23,-0.027920227920227858
2016-02-24,0.003516998827667095
2016-02-25,0.014408099688473452
2016-02-26,-0.015355086372360938
2016-02-29,-0.008187134502923854
2016-03-01,0.033411949685534514
2016-03-02,0.007036896158235217
2016-03-03,-0.011331444759206777
2016-03-04,-0.006112702960840544
2016-03-07,-0.01921968095329618
2016-03-08,0.012149715853419396
2016-03-09,0.02303969022265262
2016-03-10,-0.014950794852384708
2016-03-11,0.019596541786743638
2016-03-14,0.0018843037497644488
2016-03-15,0.00789919127327443
2016-03-16,0.014181750326553333
2016-03-17,0.00570377184912596
2016-03-18,-0.02140504939626775
2016-03-21,0.006917180781454535
2016-03-22,0.003898997400668458
2016-03-23,-0.0018494544109487476
2016-03-24,0.004446914952751513
2016-03-28,-0.012359343294595093
2016-03-29,0.02185282032125513
2016-03-30,0.006214585998903344
2016-03-31,0.003269754768392419
2016-04-01,0.006156074597139405
2016-04-04,-0.002519344970307702
2016-04-05,-0.01569547176619157
2016-04-06,0.01026392961876832
2016-04-07,-0.011973875181422344
2016-04-08,-0.0007344840249724482
2016-04-11,-0.002021315692759984
2016-04-12,0.006260357208617062
2016-04-13,0.012808783165599413
2016-04-14,0.00018066847335140857
2016-04-15,0.005238439306358256
2016-04-18,0.014555256064689992
2016-04-19,-0.0012398157987956182
2016-04-20,-0.01418691257315119
2016-04-21,0.0034178809138334376
2016-04-22,-0.0717102904266762
2016-04-25,0.006373117033603659
2016-04-26,-0.012857417002494764
2016-04-27,-0.009720062208398161
2016-04-28,-0.020416175893207655
2016-04-29,-0.0006012024048096531
2016-05-02,0.014838580308802918
2016-05-03,-0.01639992096423626
2016-05-04,0.0018079550020086987
2016-05-05,0.0014036494886704443
2016-05-06,0.009010812975570826
2016-05-09,-0.006350466362373464
2016-05-10,0.01897343718793687
2016-05-11,0.0005880047040374148
2016-05-12,0.009010773751224388
2016-05-13,-0.008347893612890678
2016-05-16,0.014682850430696837
2016-05-17,-0.025467875747636537
2016-05-18,0.005939417937042224
2016-05-19,-0.009643770911238025
2016-05-20,0.0059618441971383
2016-05-23,-0.011655472145396972
2016-05-24,0.031181291225264918
2016-05-25,0.010273308780771373
2016-05-26,-0.004412893323100464
2016-05-27,0.00828676045480825
2016-05-31,0.012996941896024516
2016-06-01,-0.002830188679245227
2016-06-02,-0.007000946073793868
2016-06-03,-0.013147865853658458
2016-06-06,0.006564973933191887
2016-06-07,-0.0005754843660080722
2016-06-08,-0.001151631477927073
2016-06-09,-0.008070714834742532
2016-06-10,-0.0027121270825262167
2016-06-13,-0.026029526029525907
2016-06-14,-0.006182688472277653
2016-06-15,-0.0028095524784266246
2016-06-16,0.014087341517408092
2016-06-17,-0.005159753919428467
2016-06-20,-0.0011968880909635216
2016-06-21,0.02236868384262025
2016-06-22,-0.003907013088493727
2016-06-23,0.018042753481074536
2016-06-24,-0.04006935079946061
2016-06-27,-0.028095524784266468
2016-06-28,0.02085484204005783
2016-06-29,0.02224919093851141
2016-06-30,0.012465373961218829
2016-07-01,-0.00019542700801256085
2016-07-05,0.0001954652071931573
2016-07-06,0.004103967168262779
2016-07-07,0.0
2016-07-08,0.01790579992214858
2016-07-11,0.005544933078394099
2016-07-12,0.011789313557710512
2016-07-13,0.005638037962788944
2016-07-14,0.004298262007101483
2016-07-15,-0.0007443245254931119
2016-07-18,0.004841713221601429
2016-07-19,-0.016123054114158597
2016-07-20,0.05311734789979261
2016-07-21,-0.0019674476837774346
2016-07-22,0.013799283154121822
2016-07-25,0.0028283542513698468
2016-07-26,0.0005288207297726721
2016-07-27,-0.01004228329809731
2016-07-28,0.00035593521979015996
2016-07-29,0.008361501512186509
2016-08-01,-0.0017642907551164155
2016-08-02,0.0
2016-08-03,0.006892895015906619
2016-08-04,0.007372301211163723
2016-08-05,0.00993204391008895
2016-08-08,0.0017253278122844051
2016-08-09,0.0024112986565620886
2016-08-10,-0.003092783505154628
2016-08-11,0.004825922095828883
2016-08-12,-0.006174957118353364
2016-08-15,0.003106662064204402
2016-08-16,-0.0116999311768754
2016-08-17,0.002089136490250665
2016-08-18,0.0006949270326614965
2016-08-19,0.00034722222222205446
2016-08-22,0.0008677542519959225
2016-08-23,0.003814808392578417
2016-08-24,0.0010364484366902627
2016-08-25,0.0037963761863675227
2016-08-26,-0.002406738868832692
2016-08-29,0.0012062726176116367
2016-08-30,-0.0036144578313253017
2016-08-31,-0.007427880462946956
2016-09-01,0.002262443438914019
2016-09-02,0.0013891300573016796
2016-09-06,-0.0010404022888850228
2016-09-07,0.0008679048776254472
2016-09-08,-0.003988900450919153
2016-09-09,-0.021243252655406608
2016-09-12,0.01494396014943944
2016-09-13,-0.00911481156879923
2016-09-14,-0.0047762250132673545
2016-09-15,0.016530394596516063
2016-09-16,0.0010491344640672917
2016-09-19,-0.005589519650655017
2016-09-20,-0.002107851747760403
2016-09-21,0.01672240802675584
2016-09-22,0.0010387811634349209
2016-09-23,-0.006745070909719875
2016-09-26,-0.009228626153578334
2016-09-27,0.018453427065026506
2016-09-28,0.0013805004314062508
2016-09-29,-0.010856453558504287
2016-09-30,0.0034843205574912606
2016-10-03,-0.0031250000000000444
2016-10-04,-0.0031347962382445305
2016-10-05,0.006988120195667413
2016-10-06,0.001734906315058904
2016-10-07,0.0010391409767924742
2016-10-10,0.0041522491349481605
2016-10-11,-0.014645072363887013
2016-10-12,-0.0013988459520895002
2016-10-13,-0.003326912974960572
2016-10-14,0.008784258608573348
2016-10-17,-0.0034831069313828733
2016-10-18,0.007689619014330518
2016-10-19,-0.002254595907041246
2016-10-20,-0.004867025899530697
2016-10-21,0.04209606986899561
2016-10-24,0.02246061012403633
2016-10-25,-0.00016393442622952836
2016-10-26,-0.005902606984751535
2016-10-27,-0.008741547088899848
2016-10-28,-0.0038269550748752934
2016-10-31,0.0008351428094204305
2016-11-01,-0.0020026702269693164
2016-11-02,-0.0061872909698996725
2016-11-03,-0.003701834090526601
2016-11-04,-0.008444519506840109
2016-11-07,0.029126213592232997
2016-11-08,0.0008275405494868604
2016-11-09,-0.004961137754258216
2016-11-10,-0.024430779458201712
2016-11-11,0.00545144804088582
2016-11-14,-0.015249068112504371
2016-11-15,0.012904335856847915
2016-11-16,0.013249532869033409
2016-11-17,0.01659681475272423
2016-11-18,-0.004782321899736153
2016-11-21,0.008450704225352101
2016-11-22,0.0042720999014129735
2016-11-23,-0.011780104712041828
2016-11-25,0.0021523178807947296
2016-11-28,0.0013216586816453546
2016-11-29,0.007919485233459866
2016-11-30,-0.013586511704043347
2016-12-01,-0.017590441420511027
2016-12-02,0.0008445945945945166
2016-12-05,0.016371308016877695
2016-12-06,-0.004483560278977006
2016-12-07,0.023686405337781435
2016-12-08,-0.0058660583346912265
2016-12-09,0.01573512538928057
2016-12-12,0.003227368081329729
2016-12-13,0.013028792021875457
2016-12-14,-0.004763416957764277
2016-12-15,-0.0015954052329292256
2016-12-16,-0.004474272930648837
2016-12-19,0.021187800963081926
2016-12-20,-0.0012574662055957475
2016-12-21,0.0
2016-12-22,0.00015738117721109113
2016-12-23,-0.004878048780487698
2016-12-27,0.0006325110689437974
2016-12-28,-0.004582806573957043
2016-12-29,-0.0014287982219400863
2016-12-30,-0.012082670906200299
2017-01-03,0.0070807853234631235
2017-01-04,-0.004474272930648837
2017-01-05,0.0
2017-01-06,0.008667736757624445
2017-01-09,-0.0031826861871420142
2017-01-10,-0.00031928480204346243
2017-01-11,0.009102523155541276
2017-01-12,-0.009178667510682081
2017-01-13,0.0014374700527073347
2017-01-17,-0.002711323763955331
2017-01-18,-0.00047976971053897977
2017-01-19,-0.0032000000000000917
2017-01-20,0.007062600321027457
2017-01-23,0.0035065349059610895
2017-01-24,0.008894536213468918
2017-01-25,0.0025188916876572875
2017-01-26,0.009265075376884369
2017-01-27,0.023494632021160866
2017-01-30,-0.00988142292490124
2017-01-31,-0.007369875633348566
2017-02-01,-0.016550657385924317
2017-02-02,-0.006448568732305704
2017-02-03,0.008073452588253982
2017-02-06,-0.0006281407035175768
2017-02-07,-0.003299811439346323
2017-02-08,-0.0014188869620053168
2017-02-09,0.011367224502683904
2017-02-10,-0.0009366219169528733
2017-02-13,0.011249999999999982
2017-02-14,-0.0023176761433869597
2017-02-15,-0.0006194827319186968
2017-02-16,-0.00015496668216341547
2017-02-17,0.001549907005579776
2017-02-21,-0.002011761064686035
2017-02-22,-0.0020158164056441885
2017-02-23,0.004039776258545791
2017-02-24,0.0
2017-02-27,-0.00603528319405755
2017-02-28,-0.0038922621827807147
2017-03-01,0.015004688965301716
2017-03-02,-0.014320911610717468
2017-03-03,0.0037494141540383996
2017-03-06,0.0003112840466925615
2017-03-07,0.0020227166640736094
2017-03-08,0.009161490683229578
2017-03-09,-0.004000615479304415
2017-03-10,0.003089757454039832
2017-03-13,-0.003388264284614362
2017-03-14,-0.004636068613815492
2017-03-15,0.005278683434249309
2017-03-16,-0.0016988416988417132
2017-03-17,0.0035581683168317557
2017-03-20,0.0009249267766302527
2017-03-21,-0.011088864931464881
2017-03-22,0.012770596480299101
2017-03-23,-0.002460402890973379
2017-03-24,0.0016956990904886116
2017-03-27,0.0018467220683284769
2017-03-28,0.0029185867895547
2017-03-29,0.002756930617245912
2017-03-30,0.003665801130288582
2017-03-31,0.0022827575711459325
2017-04-03,-0.004706954145156428
2017-04-04,0.0027459954233410855
2017-04-05,-0.002586338049596848
2017-04-06,0.002593044539353384
2017-04-07,-0.0007606876616460534
2017-04-10,-0.002283800243605416
2017-04-11,-0.0007630093087135359
2017-04-12,-0.003817959682345773
2017-04-13,-0.004292503449333185
2017-04-17,0.008160123171670586
2017-04-18,-0.0013744654856445715
2017-04-19,-0.005352500382321379
2017-04-20,0.007072570725707106
2017-04-21,0.013740458015267354
2017-04-24,0.01701807228915664
2017-04-25,0.005775211017325699
2017-04-26,-0.0013250883392226243
2017-04-27,0.006486805248415051
2017-04-28,0.002783067233045333
2017-05-01,0.013876716330704086
2017-05-02,-0.0015847860538826808
2017-05-03,-0.0031746031746031633
2017-05-04,-0.003908511870295284
2017-05-05,0.0027612265659060498
2017-05-08,-0.0008695652173913437
2017-05-09,0.0014505366985786416
2017-05-10,0.003910776361529589
2017-05-11,-0.012263742605684747
2017-05-12,-0.0011685655857435195
2017-05-15,0.000731207955542823
2017-05-16,0.014321204150226308
2017-05-17,-0.0278057916726695
2017-05-18,0.0034084173088320124
2017-05-19,-0.00029537734455764575
2017-05-22,0.011227655488255328
2017-05-23,0.003360116873630359
2017-05-24,0.001310425160162998
2017-05-25,0.012360040715428289
2017-05-26,0.004883654122378456
2017-05-30,0.0064322469982847075
2017-05-31,-0.008095440988495906
2017-06-01,0.0037227949599081267
2017-06-02,0.023680456490727586
2017-06-05,0.007246376811594235
2017-06-06,0.003320420586607531
2017-06-07,-0.0017926089354660668
2017-06-08,-0.006078187594971696
2017-06-09,-0.02265462126476736
2017-06-12,-0.00767918088737185
2017-06-13,0.012467755803955427
2017-06-14,-0.005378627034678174
2017-06-15,-0.005265404866941714
2017-06-16,0.0014306151645206988
2017-06-19,0.012428571428571455
2017-06-20,-0.013545929166078885
2017-06-21,0.0051494779001572955
2017-06-22,-0.00014230823964689332
2017-06-23,0.013521206945630304
2017-06-26,-0.00954922061508201
2017-06-27,-0.0187154402381966
2017-06-28,0.008524779656119197
2017-06-29,-0.018767908309455628
2017-06-30,0.0064242955175939365
2017-07-03,-0.011025678224285573
2017-07-05,0.01334898048995159
2017-07-06,-0.007382744643891215
2017-07-07,0.012979437071605648
2017-07-10,0.007486323063633948
2017-07-11,0.0001428979708486544
2017-07-12,0.016573796256608153
2017-07-13,0.008713984539704622
2017-07-14,0.014072732339417637
2017-07-17,0.007831821929101368
2017-07-18,-0.0006816632583502846
2017-07-19,0.00763983628922249
2017-07-20,0.004874086108854536
2017-07-21,-0.005793586634330272
2017-07-24,-0.0025748746442608716
2017-07-25,0.008016304347826075
2017-07-26,-0.001887046771802181
2017-07-27,-0.012018906144496966
2017-07-28,-0.0016402405686165578
2017-07-31,-0.004654983570646309
2017-08-01,-0.0016506189821183792
2017-08-02,-0.004408928079360663
2017-08-03,-0.001522280653196817
2017-08-04,0.007345807345807254
2017-08-07,-0.0038525041276830096
2017-08-08,0.0053867403314917794
2017-08-09,-0.004396208270366908
2017-08-10,-0.014626742100179446
2017-08-11,0.015263968631844316
2017-08-14,0.015034482758620626
2017-08-15,-0.005027857045794337
2017-08-16,0.005872712373668598
2017-08-17,-0.0169721656483367
2017-08-18,0.0012430939226517612
2017-08-21,-0.004690302110635813
2017-08-22,0.013998613998613907
2017-08-23,-0.006014215418261304
2017-08-24,-0.0004125412541253759
2017-08-25,0.001788416563488715
2017-08-28,0.00013732491073881192
2017-08-29,0.0030207332143348253
2017-08-30,0.013141683778234103
2017-08-31,0.010268882583434502
2017-09-01,-0.011100708840444007
2017-09-05,-0.004463078171490387
2017-09-06,-0.0028528732509168764
2017-09-07,0.012806539509536696
2017-09-08,-0.004842615012106477
2017-09-11,0.010543390105433925
2017-09-12,-0.0010700909577313622
2017-09-13,0.007096946973754514
2017-09-14,-0.005850285866241145
2017-09-15,0.007222147920288968
2017-09-18,-0.0019917673615722498
2017-09-19,0.0037253858435337683
2017-09-20,-0.006627783669141074
2017-09-21,-0.009741126234320885
2017-09-22,0.0026950545748551935
2017-09-25,-0.015454911974196905
2017-09-26,0.0
2017-09-27,0.008053508053507796
2017-09-28,0.0002708192281652977
2017-09-29,0.00839312305401374
2017-10-02,0.00161095449053561
2017-10-03,-0.004691060179600526
2017-10-04,0.005790465930514355
2017-10-05,0.017137501673584188
2017-10-06,0.0003948927208108355
2017-10-09,0.003815789473684328
2017-10-10,0.0
2017-10-11,0.0017040241184951288
2017-10-12,0.009159905783826305
2017-10-13,0.004797717842323523
2017-10-16,0.002064782552587463
2017-10-17,-0.0007726980038634812
2017-10-18,0.0002577651759245736
2017-10-19,0.0038654812524159254
2017-10-20,0.011551790527531747
2017-10-23,0.00025377490166222927
2017-10-24,0.00038056577445133577
2017-10-25,-0.002916560994166928
2017-10-26,0.001653312984865929
2017-10-27,0.06411884205180285
2017-10-30,0.0009545400310224661
2017-10-31,-0.008463464060078585
2017-11-01,0.0
2017-11-02,0.010459245010819851
2017-11-03,0.001070791195716847
2017-11-06,0.003922034704064714
2017-11-07,-0.0023677045104770755
2017-11-08,0.0034413195680551567
2017-11-09,-0.005558183538315942
2017-11-10,-0.0026162444999405787
2017-11-13,0.0007153928699177303
2017-11-14,0.001429762897652731
2017-11-15,-0.012730517549077836
2017-11-16,0.0026512412629549065
2017-11-17,-0.009615384615384581
2017-11-20,0.0015776699029126373
2017-11-21,0.014418999151823542
2017-11-22,-0.0072861920688007675
2017-11-24,0.0018048369630609962
2017-11-27,0.007326447273600767
2017-11-28,0.01204244664361509
2017-11-29,-0.01814326107445796
2017-11-30,0.00995920326373878
2017-12-01,0.001069264583580809
2017-12-04,-0.03774032755755996
2017-12-05,0.006290083867785068
2017-12-06,0.01458512072557916
2017-12-07,-0.003503261657405221
2017-12-08,0.020244878167050562
2017-12-11,0.01271387832699622
2017-12-12,0.004106535257538457
2017-12-13,-0.0026875438186492184
2017-12-14,-0.007732864674868112
2017-12-15,0.025504782146652527
2017-12-18,-0.005411629245826166
2017-12-19,-0.0063672146330168156
2017-12-20,-0.003611790749155297
2017-12-21,-0.0002338634237605275
2017-12-22,0.00011695906432751535
2017-12-26,-0.001286399251549497
2017-12-27,0.0036299765807961126
2017-12-28,0.0001166725002916813
2017-12-29,-0.002099860009332599
2018-01-02,0.004793079261164346
2018-01-03,0.0046538685282140335
2018-01-04,0.008801389693109396
2018-01-05,0.012398117322925062
2018-01-08,0.0010205238689193763
2018-01-09,-0.0006796556411418075
2018-01-10,-0.004534119247336266
2018-01-11,0.002960601229788251
2018-01-12,0.0172570390554041
2018-01-16,-0.013950892857142905
2018-01-17,0.020260328239954717
2018-01-18,-0.0004437541601953754
2018-01-19,-0.0011098779134294245
2018-01-22,0.017888888888888843
2018-01-23,0.0031655932758434258
2018-01-24,-0.0008705114254625723
2018-01-25,0.0055543454585058605
2018-01-26,0.018737138524856478
2018-01-29,-0.0014884116521369783
2018-01-30,-0.012563884156729155
2018-01-31,0.024477032564157897
2018-02-01,-0.007893905904641563
2018-02-02,-0.0263102058137068
2018-02-05,-0.04118544345173236
2018-02-06,0.03784090909090909
2018-02-07,-0.01883280411693855
2018-02-08,-0.051333556522709434
2018-02-09,0.03728973061992713
2018-02-12,0.01077341800861853
2018-02-13,0.00785369684730175
2018-02-14,0.010909495714126693
2018-02-15,0.020372205704217494
2018-02-16,-0.007122814590977744
2018-02-20,0.00782608695652165
2018-02-21,-0.01326574633304578
2018-02-22,0.002623237512296539
2018-02-23,0.025400632290417446
2018-02-26,0.014458856049330171
2018-02-27,-0.01278557954307269
2018-02-28,-0.0045647558386412435
2018-03-01,-0.009811240268742694
2018-03-02,0.002154011847065096
2018-03-05,0.0063406770553466885
2018-03-06,-0.0034173430158053186
2018-03-07,0.005786540934419326
2018-03-08,0.006072874493927127
2018-03-09,0.022344593879063845
2018-03-12,0.0023824321524754666
2018-03-13,-0.024387723468016986
2018-03-14,-0.005931575045016402
2018-03-15,0.0035162493340439305
2018-03-16,0.004459545551072308
2018-03-19,-0.018076109936574936
2018-03-20,0.0025837011519000974
2018-03-21,-0.0069794910340383876
2018-03-22,-0.029087370242214527
2018-03-23,-0.029067824924824626
2018-03-26,0.07570543702684085
2018-03-27,-0.04595862657283001
2018-03-28,-0.0008941544651838162
2018-03-29,0.02103143528358875
2018-04-02,-0.030130382381943654
2018-04-03,0.01344328965205599
2018-04-04,0.029205216809720325
2018-04-05,0.0005415357955160793
2018-04-06,-0.023273435808616516
2018-04-09,0.005984705751967079
2018-04-10,0.023245565715544814
2018-04-11,-0.010981912144702788
2018-04-12,0.018724145438711037
2018-04-13,-0.005343022013250653
2018-04-16,0.011710356682423706
2018-04-17,0.020176276945948812
2018-04-18,0.0038513583845114496
2018-04-19,-0.0034218166735794364
2018-04-20,-0.011549266465508246
2018-04-23,0.0036842105263157343
2018-04-24,-0.02338751966439423
2018-04-25,-0.008698453608247392
2018-04-26,0.021124471888202878
2018-04-27,0.01654996817313803
2018-04-30,-0.024003339595074058
2018-05-01,0.015825491873396214
2018-05-02,-0.015684210526315745
2018-05-03,0.0059886643139770435
2018-05-04,0.011587115977463647
2018-05-07,0.011139134089953817
2018-05-08,-0.0042610683849511055
2018-05-09,0.011794175973280474
2018-05-10,0.010006189395502352
2018-05-11,-0.002144826881830153
2018-05-14,0.003377686796315338
2018-05-15,-0.007242680811996416
2018-05-16,-0.0017468146321412137
2018-05-17,-0.009984559958826522
2018-05-18,0.0018714909544603753
2018-05-21,0.012868410128684005
2018-05-22,-0.0010245901639344135
2018-05-23,0.01189743589743597
2018-05-24,-0.0035475369957429503
2018-05-25,0.0005085952598922194
2018-05-29,-0.0035583570557136124
2018-05-30,0.009590858075706477
2018-05-31,-0.0011116725618999235
2018-06-01,0.019728854714690547
2018-06-04,0.008731024903264162
2018-06-05,0.005114586407003019
2018-06-06,0.002935707994911496
2018-06-07,-0.01570884964386765
2018-06-08,0.007434575733544779
2018-06-11,-0.005706976286529497
2018-06-12,0.002572983671449869
2018-06-13,-0.004540519198499737
2018-06-14,0.005651958353991127
2018-06-15,-0.012719384736738393
2018-06-18,0.007290522320982706
2018-06-19,0.0
2018-06-20,0.010013880626611238
2018-06-21,-0.007165995877098319
2018-06-22,-0.007217718014633223
2018-06-25,-0.020117518175480464
2018-06-26,0.007012907815834968
2018-06-27,-0.015542995559144068
2018-06-28,0.011174902604059733
2018-06-29,-0.0002027780594139328
2018-07-02,0.014197343068654389
2018-07-03,-0.009599040095990441
2018-07-05,0.007168096920747269
2018-07-06,0.014033680834001583
2018-07-09,0.006820877817319104
2018-07-10,0.0026509572901325384
2018-07-11,-0.0013709361535448883
2018-07-12,0.0216709158658559
2018-07-13,0.011901334101161343
2018-07-16,-0.004932182490752224
2018-07-17,0.00991325898389106
2018-07-18,-0.007833883907503503
2018-07-19,-0.006849315068493178
2018-07-20,0.017911877394635844
2018-07-23,0.01599698880210787
2018-07-24,-0.002871167917014028
2018-07-25,0.029444547650009367
2018-07-26,-0.010917621582603898
2018-07-27,-0.017697500456121174
2018-07-30,-0.02145245170876675
2018-07-31,0.006738160766821544
2018-08-01,0.0018853695324283493
2018-08-02,0.012137749341362358
2018-08-03,0.004369247931579556
2018-08-06,0.0008330248056274137
2018-08-07,0.006936095440673196
2018-08-08,0.00560249816311531
2018-08-09,0.0016439857521235446
2018-08-10,-0.006109236801313034
2018-08-13,-0.007247706422018441
2018-08-14,0.012475741613529268
2018-08-15,-0.01734209565534872
2018-08-16,-0.00018577001671926663
2018-08-17,-0.0005574136008918984
2018-08-20,-0.006599739728573972
2018-08-21,-0.008327874988303563
2018-08-22,0.010190602000377469
2018-08-23,0.004670278348589685
2018-08-24,0.007809594644849316
2018-08-27,0.011070110701106861
2018-08-28,0.006021897810219112
2018-08-29,0.015962270995828032
2018-08-30,-0.0006248884127834087
2018-08-31,0.0033943724877176784
2018-09-04,-0.00551945161577494
2018-09-05,-0.028824635216184724
2018-09-06,0.0023043598488339256
2018-09-07,-0.0048740114033474224
2018-09-10,0.010812309398392062
2018-09-11,0.017004936917169422
2018-09-12,0.004225098885292988
2018-09-13,0.010742100080565864
2018-09-14,0.0040740412718094365
2018-09-17,-0.010849431066419668
2018-09-18,0.009541644373104896
2018-09-19,-0.013338044342372513
2018-09-20,0.01674127126230962
2018-09-21,0.006075548120102248
2018-09-24,0.0035883073691580503
2018-09-25,-0.0019185488793930228
2018-09-26,-0.004106596767147197
2018-09-27,0.0037725916827513473
2018-09-28,-0.0003496197884799157
2018-10-01,0.010842004022033613
2018-10-02,-0.003978894559294122
2018-10-03,0.00017368649587501395
2018-10-04,-0.020665103759659575
2018-10-05,-0.005851582587108828
2018-10-08,-0.011415321501828224
2018-10-09,0.012719891745602174
2018-10-10,-0.054338143595225485
2018-10-11,-0.0023549359457423202
2018-10-12,0.034557643282031814
2018-10-15,-0.017979373916217956
2018-10-16,0.03159851301115246
2018-10-17,-0.002612612612612697
2018-10-18,-0.01996206304760184
2018-10-19,0.0014746543778800802
2018-10-22,0.008926928032394699
2018-10-23,-0.013956033932317813
2018-10-24,-0.05346901017576322
2018-10-25,0.05844409695074271
2018-10-26,-0.012373037857802416
2018-10-29,-0.029076290201944688
2018-10-30,-0.0011555127587866698
2018-10-31,0.029692470837751728
2018-11-01,-0.008332553131729203
2018-11-02,0.0022658610271901747
2018-11-05,0.012716654107008285
2018-11-06,0.001953306669147059
2018-11-07,0.039361307092461884
2018-11-08,-0.00187566988210075
2018-11-09,-0.019507829977628677
2018-11-12,-0.02464178150953722
2018-11-13,0.00065500140357444
2018-11-14,-0.018421544791471844
2018-11-15,0.022006287510717426
2018-11-16,0.009414615958240224
2018-11-19,-0.033890479268630536
2018-11-20,-0.027814949340470352
2018-11-21,0.013764624913971124
2018-11-23,-0.00038793521481916837
2018-11-26,0.032987290191132335
2018-11-27,0.006292852446698527
2018-11-28,0.03714765727086067
2018-11-29,-0.008369330453563806
2018-11-30,0.0063526635810873255
2018-12-03,0.010821534854360104
2018-12-04,-0.03184940672673753
2018-12-06,0.006173977147069687
2018-12-07,-0.04002198003480173
2018-12-10,0.026426254531578097
2018-12-11,0.009294544102611768
2018-12-12,0.0045123860392299875
2018-12-13,0.0033920058672534115
2018-12-14,-0.03124714481498403
2018-12-17,-0.02961426011506174
2018-12-18,0.010496646904460949
2018-12-19,-0.002693084543618385
2018-12-20,-0.021024206770180243
2018-12-21,-0.03231208747906611
2018-12-24,-0.041738776341240014
2018-12-26,0.06830978434080537
2018-12-27,0.0061654733492442215
2018-12-28,-0.0078078671674244315
2018-12-31,0.01175415878075503
2019-01-02,-0.004430442059663142
2019-01-03,-0.03678797468354433
2019-01-04,0.04650924024640668
2019-01-07,0.0012753850681839207
2019-01-08,0.007250636880266503
2019-01-09,0.014299610894941583
2019-01-10,-0.006425625779227007
2019-01-11,-0.007722007722007707
2019-01-14,-0.007295719844357951
2019-01-15,0.029005389514943802
2019-01-16,0.0035234739548613003
2019-01-17,0.007022205352059219
2019-01-18,0.014983038070109256
2019-01-22,-0.018846903722959718
2019-01-23,0.00974640423921258
2019-01-24,-0.00477930840595997
2019-01-25,0.009133709981167693
2019-01-28,-0.01950172622935531
2019-01-29,-0.020365435858393566
2019-01-30,0.03341752477171167
2019-01-31,-0.01833051325437096
2019-02-01,-0.015800057454754435
2019-02-04,0.028799377310760876
2019-02-05,0.013996595422735014
2019-02-06,-0.011098675620220044
2019-02-07,-0.007167782703008663
2019-02-08,0.003799753016054064
2019-02-11,-0.0039746380240370804
2019-02-12,0.015581947743467994
2019-02-13,-0.0007484329684722679
2019-02-14,0.0008426177324221129
2019-02-15,0.012347988774555674
2019-02-19,-0.00046202180742926924
2019-02-20,-0.009429601553110789
2019-02-21,0.021091927204852867
2019-02-22,0.014258294488620704
2019-02-25,0.005587095611426562
2019-02-26,0.006900259879917492
2019-02-27,-0.0016909932360270608
2019-02-28,-0.0012481055540697339
2019-03-01,0.004463090243684631
2019-03-04,-0.0023993601706211454
2019-03-05,-0.004988419739889616
2019-03-06,0.00044762757385852225
2019-03-07,-0.012170022371364664
2019-03-08,0.0010870549868648993
2019-03-11,0.02099357524205958
2019-03-12,0.007001683949304338
2019-03-13,0.0077451152966026005
2019-03-14,0.0007860262008734242
2019-03-15,0.011519329784448917
2019-03-18,0.014321456302303526
2019-03-19,0.0006804456919282664
2019-03-20,-0.0011049723756907381
2019-03-21,0.022974812797821764
2019-03-22,-0.026368324737980342
2019-03-25,0.005211448099103011
2019-03-26,0.0021247662757095664
2019-03-27,-0.009668391145789212
2019-03-28,0.0013702149524708052
2019-03-29,0.008637646455144088
2019-04-01,0.009157198575546976
2019-04-02,0.0014283313728784552
2019-04-03,0.0065441731688899996
2019-04-04,-0.005084604484454469
2019-04-05,0.004440348525469151
2019-04-08,0.0003336391692385643
2019-04-09,-0.005419828233136026
2019-04-10,0.00762910798122074
2019-04-11,0.0011648223645894795
2019-04-12,0.005152497299094172
2019-04-15,0.0008267879288961222
2019-04-16,-0.002313093762907892
2019-04-17,0.008280202036929696
2019-04-18,0.01313952533464735
2019-04-22,0.0031612223393044925
2019-04-23,0.013574660633484115
2019-04-24,-0.0034279336734692745
2019-04-25,0.03311735061195109
2019-04-26,0.00572977158342991
2019-04-29,-0.0009238586496264078
2019-04-30,0.006395931263003751
2019-05-01,-0.020826952526799336
2019-05-02,-0.01305911792305292
2019-05-03,0.021313683543300987
2019-05-06,-0.005818463925523654
2019-05-07,-0.020522824814670382
2019-05-08,-7.966857871244404e-05
2019-05-09,-7.967492630078787e-05
2019-05-10,0.012988047808764946
2019-05-13,-0.02973334382128534
2019-05-14,0.011187677340899871
2019-05-15,0.01034233945321894
2019-05-16,0.023091572766227753
2019-05-17,-0.00667028620181509
2019-05-20,-0.01444522526743186
2019-05-21,0.00538741879258442
2019-05-22,0.006067769897557085
2019-05-23,-0.011670713558392665
2019-05-24,0.0004755111745124996
2019-05-28,-0.0006337135614702394
2019-05-29,-0.009670259987317631
2019-05-30,0.0063230350568272975
2019-05-31,-0.01630478008430758
2019-06-03,-0.031047865459249757
2019-06-04,0.027703604806408544
2019-06-05,0.02167911659629751
2019-06-06,0.015814988476515968
2019-06-07,0.02800813644187139
2019-06-10,0.00913242009132409
2019-06-11,-0.0037707390648566985
2019-06-12,-0.00461771385314147
2019-06-13,0.006312267092554391
2019-06-14,0.0009824667472793092
2019-06-17,0.003020007550018855
2019-06-18,0.017388031614602895
2019-06-19,0.003921278484758872
2019-06-20,0.009285872208711021
2019-06-21,0.00014603870025564625
2019-06-24,0.005913703730743958
2019-06-25,-0.03157207141820284
2019-06-26,0.0037472832196656647
2019-06-27,0.0016426491450758363
2019-06-28,-0.0014163250093178759
2019-07-01,0.0128396536279487
2019-07-02,0.006633254716981174
2019-07-03,0.006443110265046181
2019-07-05,-0.0029099374363451558
2019-07-08,-0.000729607471180449
2019-07-09,-0.0036507009345794206
2019-07-10,0.010186135131173835
2019-07-11,0.0039898440333696605
2019-07-12,0.0036127167630057855
2019-07-15,0.0
2019-07-16,-0.013102951763858894
2019-07-17,-0.005908958272541565
2019-07-18,0.001100755852351698
2019-07-19,0.0014660606949128407
2019-07-22,0.013248426291904591
2019-07-23,0.00621252618652024
2019-07-24,0.01026635077895044
2019-07-25,-0.0037663445139283214
2019-07-26,0.008203152863970331
2019-07-29,-0.0021932927692089876
2019-07-30,-0.004821669148408203
2019-07-31,-0.0290701816886354
2019-08-01,0.01313568650473318
2019-08-02,-0.00840214399536432
2019-08-05,-0.034258582907231494
2019-08-06,0.01875803645715135
2019-08-07,0.004380429133566066
2019-08-08,0.02668539325842678
2019-08-09,-0.008495932032543618
2019-08-12,-0.01394234260402305
2019-08-13,0.020693718241402204
2019-08-14,-0.033333333333333326
2019-08-15,-0.0022391401701745695
2019-08-16,0.018327348892878348
2019-08-19,0.01674869609931684
2019-08-20,-0.008308648219059411
2019-08-21,0.011146728835786046
2019-08-22,-0.007277181353123385
2019-08-23,-0.031862389316301476
2019-08-26,0.015443436539470667
2019-08-27,0.0021410114433371152
2019-08-28,-0.0013260645351407252
2019-08-29,0.018884626733549625
2019-08-30,-0.0018824210831160926
2019-09-03,-0.013201798926447239
2019-09-04,0.011687738900323374
2019-09-05,0.017583375717503458
2019-09-06,-0.006783291681542458
2019-09-09,-0.011358734723220576
2019-09-10,-0.010471204188481686
2019-09-11,0.00029394473838917357
2019-09-12,0.01028504260946228
2019-09-13,-0.0014543339150669965
2019-09-16,-0.0072094378094959
2019-09-17,0.007775251228636204
2019-09-18,0.008224761627483979
2019-09-19,0.01840889402252377
2019-09-20,-0.011554547387821579
2019-09-23,-0.002151462994836595
2019-09-24,-0.012649130372286876
2019-09-25,0.01441257825010922
2019-09-26,0.0012916188289320285
2019-09-27,-0.012971191056327935
2019-09-30,0.009438756988310537
2019-10-01,-0.014097676760411515
2019-10-02,-0.017655212665061537
2019-10-03,0.012105458596360918
2019-10-04,0.01350161432345165
2019-10-07,-0.007240081088908168
2019-10-08,-0.010574679113185659
2019-10-09,0.018943023512935975
2019-10-10,0.0062210648148146586
2019-10-11,0.00416966211358738
2019-10-14,-0.0009306987399770872
2019-10-15,0.014510927982801736
2019-10-16,-0.008228853964329819
2019-10-17,-0.005127839897443143
2019-10-18,-0.016321855537261065
2019-10-21,0.007423040535623482
2019-10-22,-0.014881167377013615
2019-10-23,0.006379702280560284
2019-10-24,0.019673564558437606
2019-10-25,0.005645276547091571
2019-10-28,0.02458608683294261
2019-10-29,-0.009431999445176364
2019-10-30,0.01246236784989141
2019-10-31,-0.008574787359103886
2019-11-01,0.00244123596289314
2019-11-04,0.005775118285555436
2019-11-05,-0.0006226219301279645
2019-11-06,-0.0027689325764918005
2019-11-07,0.0013883104262111257
2019-11-08,0.011784278386247182
2019-11-11,0.001027678816114097
2019-11-12,0.006570392170282435
2019-11-13,0.0016318759774258673
2019-11-14,0.005091304052678103
2019-11-15,0.012900175604484643
2019-11-18,0.002467160098686527
2019-11-19,0.0003325794864972309
2019-11-20,-0.005120021278010367
2019-11-21,-0.0009357037829168524
2019-11-22,0.0007358843992508746
2019-11-25,0.010963299685807781
2019-11-26,0.0052899556966210515
2019-11-27,0.0019075182529764145
2019-11-29,-0.006171218487394992
2019-12-02,-0.012088783194609487
2019-12-03,-0.0016048144433300493
2019-12-04,0.0036166365280287938
2019-12-05,0.000533867200533944
2019-12-06,0.012138998199159534
2019-12-09,-0.0025700164744645315
2019-12-10,-0.001519556025370128
2019-12-11,0.0037715873751074103
2019-12-12,0.010151615029663885
2019-12-13,0.008418167580266145
2019-12-16,0.006471235358830096
2019-12-17,-0.005400887288625977
2019-12-18,-0.002068653435904011
2019-12-19,0.008680443091274137
2019-12-20,0.010917731680688325
2019-12-23,0.0
2019-12-24,-0.00019058509624547693
2019-12-26,0.008196721311475308
2019-12-27,0.0018276926955318462
2019-12-30,-0.008618520382486228
2019-12-31,0.0006980138333649855
2020-01-02,0.018516169942929706
2020-01-03,-0.012451749470800633
2020-01-06,0.002584793846929667
2020-01-07,-0.009117776520153331
2020-01-08,0.01592841731184147
2020-01-09,0.012492972702854654
2020-01-10,-0.0046270590412733625
2020-01-13,0.012024296516672806
2020-01-14,-0.007043116119549331
2020-01-15,0.006476284463085236
2020-01-16,0.01832332393675684
2020-01-17,0.00559667810074016
2020-01-21,-0.0035906642728904536
2020-01-22,-0.00480480480480483
2020-01-23,0.006155703077851626
2020-01-24,-0.010076775431861806
2020-01-27,-0.01672321861366932
2020-01-28,0.01959576041409905
2020-01-29,0.015592892542003911
2020-01-30,0.02820756962627957
2020-01-31,-0.014758652621831292
2020-02-03,0.02437878164835805
2020-02-04,0.032916618878311876
2020-02-05,-0.001221407950255382
2020-02-06,0.02073374096720393
2020-02-07,0.001415890649675955
2020-02-10,0.026156941649899457
2020-02-11,-0.02257551669316371
2020-02-12,0.001463890696161485
2020-02-13,-0.005413892046992608
2020-02-14,0.00892711338522667
2020-02-18,0.010142972754248802
2020-02-19,0.00026705122042414153
2020-02-20,-0.015271251601879587
2020-02-21,-0.03161262335972226
2020-02-24,-0.04311551598633756
2020-02-25,-0.016501843291005902
2020-02-26,0.012494793835901685
2020-02-27,-0.07045895281189385
2020-02-28,0.02421292198760905
2020-03-02,0.06653910252453543
2020-03-03,-0.04791943978239477
2020-03-04,0.03671509330739786
2020-03-05,-0.02509527997654648
2020-03-06,-0.028267276117158957
2020-03-09,-0.06777248251531842
2020-03-10,0.06838401274731098
2020-03-11,-0.0453020134228187
2020-03-12,-0.09483824773807192
2020-03-13,0.14216884797928953
2020-03-16,-0.1473902915066425
2020-03-17,0.08233643479545116
2020-03-18,-0.04209592686088548
2020-03-19,0.016452991452991395
2020-03-20,-0.03755868544600949
2020-03-23,-0.009974517655624404
2020-03-24,0.09089571995881762
2020-03-25,-0.009572603478495423
2020-03-26,0.06255104818949109
2020-03-27,-0.04106079046825972
2020-03-30,0.07034068136272542
2020-03-31,-0.015727391874180707
2020-04-01,-0.03550821127385706
2020-04-02,0.020708697653014196
2020-04-03,-0.009210356820816501
2020-04-06,0.0743678086199051
2020-04-07,-0.010770254734676632
2020-04-08,0.01003119456847501
2020-04-09,6.0558347968253656e-05
2020-04-13,0.0022405231924427227
2020-04-14,0.04948341489940189
2020-04-15,-0.0104778353483016
2020-04-16,0.03002094484524087
2020-04-17,0.008811568007230042
2020-04-20,-0.019820828667413193
2020-04-21,-0.04135724894321957
2020-04-22,0.033964962459778425
2020-04-23,-0.01210235131396975
2020-04-24,0.018259246295648346
2020-04-27,-0.002864508736751592
2020-04-28,-0.024360815857512264
2020-04-29,0.044873682350862865
2020-04-30,0.010032125345206477
2020-05-01,-0.02589141230958103
2020-05-04,0.02446010196482784
2020-05-05,0.010735853276671925
2020-05-06,0.009847311352068955
2020-05-07,0.005806946422701964
2020-05-08,0.00588235294117645
2020-05-11,0.0111544292830843
2020-05-12,-0.022651815358252225
2020-05-13,-0.015122459043340086
2020-05-14,0.00433936022253123
2020-05-15,0.014568215809006801
2020-05-18,0.009554487879449569
2020-05-19,-0.006922286517765386
2020-05-20,0.01105483853400857
2020-05-21,-0.012011203274803317
2020-05-22,0.00043613367497119526
2020-05-26,-0.010571630973788881
2020-05-27,0.0013218042628186932
2020-05-28,-0.0022551014795665347
2020-05-29,0.010198456449834525
2020-06-01,-0.0022919508867665916
2020-06-02,0.011376688727232853
2020-06-03,0.002433616353902046
2020-06-04,-0.013163573586534416
2020-06-05,0.023398206866389604
2020-06-08,0.006196581196581397
2020-06-09,0.007644935230409766
2020-06-10,0.03709167544783987
2020-06-11,-0.053698435277382606
2020-06-12,0.007891770011273946
2020-06-15,0.00639181847235526
2020-06-16,0.024505133904943355
2020-06-17,0.0034612801570492735
2020-06-18,0.010708401976935678
2020-06-19,-0.005959657701711474
2020-06-22,0.027773507558288335
2020-06-23,0.0066809592660916906
2020-06-24,-0.02015749591402105
2020-06-25,0.012636473918317792
2020-06-26,-0.020015972846161523
2020-06-29,0.01074721132786638
2020-06-30,0.025549284418463936
2020-07-01,0.005847378507198631
2020-07-02,0.007620908646800206
2020-07-06,0.02152622903131962
2020-07-07,-0.011627906976744096
2020-07-08,0.021992797118847607
2020-07-09,0.0070008927312879
2020-07-10,-0.003032848077640926
2020-07-13,-0.030888753685589854
2020-07-14,0.006181484522142178
2020-07-15,-0.0014878809695224593
2020-07-16,-0.01980388386848686
2020-07-17,-0.005100039231070941
2020-07-20,0.04298107255520511
2020-07-21,-0.013468809073723942
2020-07-22,0.014371257485029876
2020-07-23,-0.04349468713105076
2020-07-24,-0.006122247457292285
2020-07-27,0.012667660208643738
2020-07-28,-0.008977189109639405
2020-07-29,0.010098010098010146
2020-07-30,-0.0007840831128099746
2020-07-31,0.005443845022069516
2020-08-03,0.05624115896785531
2020-08-04,-0.015008774360395272
2020-08-05,-0.001640958319658603
2020-08-06,0.016013900629285205
2020-08-07,-0.017887681996764493
2020-08-10,-0.019907756024096335
2020-08-11,-0.023385354141656656
2020-08-12,0.028567214082013903
2020-08-13,-0.0023423681820354814
2020-08-14,0.0009583133684716305
2020-08-17,0.006606031594064143
2020-08-18,0.0057542324519688215
2020-08-19,-0.008463757151638496
2020-08-20,0.023271340009537456
2020-08-21,-0.007270015844906386
2020-08-24,0.003145244577973827
2020-08-25,0.01300949974261778
2020-08-26,0.021619623966369517
2020-08-27,0.024553470495139118
2020-08-28,0.010283343631388497
2020-08-31,-0.0147656284129134
2020-09-01,0.007715159845696817
2020-09-02,0.01927223126677524
2020-09-03,-0.06194690265486724
2020-09-04,-0.014035895075931948
2020-09-08,-0.05409568261376896
2020-09-09,0.04258363761965844
2020-09-10,-0.028018363386814293
2020-09-11,-0.006524808881530952
2020-09-14,0.006763711218938262
2020-09-15,0.016406211966311313
2020-09-16,-0.017865695947887672
2020-09-17,-0.01043647890758359
2020-09-18,-0.012419299196688272
2020-09-21,0.010729078297320171
2020-09-22,0.024094006122247436
2020-09-23,-0.03292835792112614
2020-09-24,0.012961762799740706
2020-09-25,0.022786554456420083
2020-09-28,0.007795207391011472
2020-09-29,-0.010408708938120736
2020-09-30,0.014812313036765445
2020-10-01,0.010126943374696884
2020-10-02,-0.02951143744704887
2020-10-05,0.02032106309714332
2020-10-06,-0.021247266850461077
2020-10-07,0.019037443543295618
2020-10-08,0.0035743220702473266
2020-10-09,0.02483616677747169
2020-10-12,0.025902414160604348
2020-10-13,0.0065943992773260796
2020-10-14,-0.00897424391994972
2020-10-15,-0.005433306166802598
2020-10-16,0.0
2020-10-19,-0.024765546754074497
2020-10-20,0.0020072822332182216
2020-10-21,0.0006988120195667857
2020-10-22,0.0004189944134076473
2020-10-23,0.006235748522499973
2020-10-26,-0.02844193682652718
2020-10-27,0.015089489718202564
2020-10-28,-0.04956623681125438
2020-10-29,0.010065127294256904
2020-10-30,-0.01099062133645956
2020-11-02,-0.0006914604632783927
2020-11-03,0.020263925270597616
2020-11-04,0.048248801046359535
2020-11-05,0.031886870927491984
2020-11-06,0.0019257467866899969
2020-11-09,-0.023824423386375915
2020-11-10,-0.033792756078575015
2020-11-11,0.026254679872991904
2020-11-12,-0.005125836989148036
2020-11-13,0.004966580022280009
2020-11-16,0.0033254815020091755
2020-11-17,-0.012751461584495583
2020-11-18,-0.01576051478131113
2020-11-19,0.006348303960583612
2020-11-20,-0.009556538932303904
2020-11-23,-0.001330861732971922
2020-11-24,0.017847794012660012
2020-11-25,4.6759562330356275e-05
2020-11-27,0.006359003132744068
2020-11-30,-0.005389583236537598
2020-12-01,0.009996730041575308
2020-12-02,-0.003885111696961263
2020-12-03,-0.005246784603240906
2020-12-04,0.0005601194921582842
2020-12-07,-0.0003265534614668164
2020-12-08,0.008026506136543876
2020-12-09,-0.019489838433405793
2020-12-10,-0.006043437204910296
2020-12-11,0.01301539046171385
2020-12-14,0.004407765169276878
2020-12-15,-0.00032679738562091387
2020-12-16,0.024050810255452415
2020-12-17,0.0006384531192995535
2020-12-18,-0.003782699845045978
2020-12-21,0.018299098769385624
2020-12-22,0.00606496248708388
2020-12-23,-0.013039206930427705
2020-12-24,0.007827345941543662
2020-12-28,0.009921436588103294
2020-12-29,-0.003600640113798015
2020-12-30,-0.011019406647334362
2020-12-31,0.0033381450739804475
2021-01-04,-0.021266073194856516
2021-01-05,0.0009646745371858501
2021-01-06,-0.025929325378614032
2021-01-07,0.028457008244993975
2021-01-08,0.006092812313894358
2021-01-11,-0.009698570257717809
2021-01-12,-0.011770656122120582
2021-01-13,0.006560275438514784
2021-01-14,-0.01534621429231764
2021-01-15,-0.0017369261102244682
2021-01-19,0.017822713378791377
2021-01-20,0.03649972278691549
2021-01-21,0.002808237496656929
2021-01-22,0.004356136373738773
2021-01-25,0.015844213321531297
2021-01-26,0.012198841110094616
2021-01-27,0.002453406792062962
2021-01-28,0.02589094031773298
2021-01-29,-0.029171723935880745
2021-02-01,0.03315226763235035
2021-02-02,-0.0005841852701857775
2021-02-03,0.01457141664231143
2021-02-04,-0.004074074074074119
2021-02-05,0.0007850915251434998
2021-02-08,0.001114781172584678
2021-02-09,0.0053614880191363845
2021-02-10,-0.0038971161340608518
2021-02-11,0.006877522444609152
2021-02-12,0.0020450734181356456
2021-02-16,-0.005265521041675214
2021-02-17,0.002051702913418163
2021-02-18,-0.0016789516789517123
2021-02-19,-0.011567332540301067
2021-02-22,-0.02680831638793213
2021-02-23,-0.005287620996972331
2021-02-24,0.005487203669567453
2021-02-25,-0.023704966958004725
2021-02-26,0.014804139918773718
2021-03-01,0.019623031241931432
2021-03-02,-0.012956866717312332
2021-03-03,-0.026980801299867463
2021-03-04,-0.0036473896994200228
2021-03-05,0.021479292550610873
2021-03-08,-0.018177892918825544
2021-03-09,0.028101499626193016
2021-03-10,-0.005817435195482945
2021-03-11,0.020265037432234845
2021-03-12,-0.005819592628515946
2021-03-15,-0.0039872746553552
2021-03-16,0.012350410970571879
2021-03-17,-0.002818560430777106
2021-03-18,-0.02666216672291588
2021-03-19,-0.001603675450762898
2021-03-22,0.024484480138919018
2021-03-23,0.0067375736260011365
2021-03-24,-0.008923310042932897
2021-03-25,-0.013250658285908434
2021-03-26,0.017818713953688503
2021-03-29,-0.005243572395128515
2021-03-30,-0.014410814487332169
2021-03-31,0.01690748328660785
2021-04-01,0.027908554947618347
2021-04-05,0.02772849185062931
2021-04-06,-0.0048580720279438605
2021-04-07,0.008230452674897082
2021-04-08,0.01340536214485799
2021-04-09,0.010266535044422431
2021-04-12,0.00023451240961502862
2021-04-13,0.010081669336876375
2021-04-14,-0.011219002669348943
2021-04-15,0.015297938103994602
2021-04-16,0.00477842003853568
2021-04-19,-0.007670476336580467
2021-04-20,-0.0018551441601608598
2021-04-21,0.00898319522961355
2021-04-22,-0.013086192340164171
2021-04-23,0.015476144184780383
2021-04-26,0.0015316867700556624
2021-04-27,0.0016058115083159574
2021-04-28,-0.028285681566591725
2021-04-29,-0.008053111250785672
2021-04-30,-0.0013068789354876431
2021-05-03,-0.0012689348877785722
2021-05-04,-0.0161597713015168
2021-05-05,-0.005327091488760649
2021-05-06,0.013226761877713322
2021-05-07,0.010931806350858997
2021-05-10,-0.020914204230373157
2021-05-11,-0.0038433530220892687
2021-05-12,-0.029362790886569456
2021-05-13,0.01686192468619252
2021-05-14,0.021067357939348996
2021-05-17,-0.01196856739875074
2021-05-18,-0.008565135818582204
2021-05-19,0.00016455487905209232
2021-05-20,0.01382033563672258
2021-05-21,-0.005314832846478379
2021-05-24,0.022882081820777556
2021-05-25,0.0037483052875029177
2021-05-26,-0.000913713650087411
2021-05-27,-0.00866833671318945
2021-05-28,0.0014840961052504653
2021-06-01,-0.009131688561358597
2021-06-02,-0.0004042037186742231
2021-06-03,-0.006429437929640125
2021-06-04,0.02067477921126515
2021-06-07,0.012041947446070456
2021-06-08,-0.004885544304794931
2021-06-09,0.004038484380567864
2021-06-10,0.0143933120391182
2021-06-11,0.0025268232001243174
2021-06-14,0.007755244484082269
2021-06-15,-0.0058871060833428634
2021-06-16,-0.0037931568354234724
2021-06-17,0.013676276322946546
2021-06-18,-0.00563434266002294
2021-06-21,0.012334733839571399
2021-06-22,0.010965997791569926
2021-06-23,-0.0008850890738578698
2021-06-24,0.005334087267929499
2021-06-25,-0.006261952079193112
2021-06-28,0.013961210474681351
2021-06-29,0.009973206311401972
2021-06-30,-0.0018422991893883855
2021-07-01,0.0025839793281654533
2021-07-02,0.02227540500736369
2021-07-06,3.601656762119987e-05
2021-07-07,0.008175466397752684
2021-07-08,-0.008966527346122244
2021-07-09,0.0018744142455482393
2021-07-12,-0.002230697272792681
2021-07-13,0.013197749891821875
2021-07-14,0.00544522741832143
2021-07-15,-0.0052387526105270865
2021-07-16,-0.0009963349108634834
2021-07-19,-0.013321460373998284
2021-07-20,0.00833904913180028
2021-07-21,0.0074466561649719765
2021-07-22,0.016844349680170678
2021-07-23,0.012336618438526736
2021-07-26,-0.0021403666240894514
2021-07-27,-0.008683618751081146
2021-07-28,-0.0011167725273958373
2021-07-29,0.000978268464817189
2021-07-30,-0.005549738219895239
2021-08-02,-0.0003158892281773795
2021-08-03,0.008075275612667632
2021-08-04,-0.0021245472276401056
2021-08-05,0.010505741509894806
2021-08-06,-0.00020723956894175277
2021-08-09,-0.003903820907897426
2021-08-10,-0.006554989075018169
2021-08-11,0.00178047758692923
2021-08-12,0.009966893186966308
2021-08-13,0.010489631137641897
2021-08-16,0.005975755506231861
2021-08-17,-0.005159538357094484
2021-08-18,-0.008018288521905115
2021-08-19,0.02077528978777554
2021-08-20,0.02557536139097638
2021-08-23,0.0009528190300958084
2021-08-24,-0.006663384211390011
2021-08-25,-0.002015729297468849
2021-08-26,-0.009668554021390108
2021-08-27,0.002106389381122842
2021-08-30,0.012912051247831124
2021-08-31,-0.005632596594090655
2021-09-01,-0.00016562872664638295
2021-09-02,-0.0022529238312958277
2021-09-03,-3.320604349987821e-05
2021-09-07,-0.003187886033074294
2021-09-08,9.994003597824097e-05
2021-09-09,-0.0098597648312847
2021-09-10,-0.005180824222035363
2021-09-13,0.004328565148287167
2021-09-14,0.009427926866224512
2021-09-15,0.016778411554754902
2021-09-16,0.001312249852372105
2021-09-17,-0.01752834021361649
2021-09-20,-0.01857471571014102
2021-09-21,0.0016989466530750175
2021-09-22,0.012822252374491194
2021-09-23,0.0032822024248109205
2021-09-24,-0.0007010281746561153
2021-09-27,-0.017304159011190978
2021-09-28,-0.03620355576707357
2021-09-29,0.0016930022573364845
2021-09-30,-0.007323943661971755
2021-10-01,0.02546821793416565
2021-10-04,-0.020719474230370127
2021-10-05,0.019956907209211838
2021-10-06,0.015064413353650163
2021-10-07,0.005936337893623689
2021-10-08,0.0
2021-10-11,-0.0021027641173477774
2021-10-12,-0.004588247289535441
2021-10-13,0.011711281070745816
2021-10-14,0.02173399480274041
2021-10-15,0.004822460776217952
2021-10-18,0.010124584990631513
2021-10-19,0.0030589996420320453
2021-10-20,-0.0026603510365635907
2021-10-21,0.010897498454832233
2021-10-22,-0.005148667782211236
2021-10-25,-0.0033316082287490056
2021-10-26,0.006425859215266394
2021-10-27,0.04211408854922438
2021-10-28,0.0036513290218771477
2021-10-29,0.022414058887004762
2021-11-01,-0.0067848742536638085
2021-11-02,0.01141573306615662
2021-11-03,0.0026115930717738323
2021-11-04,0.007305389221556879
2021-11-05,-0.001129473308762341
2021-11-08,0.0027673629708979686
2021-11-09,-0.003086144989465578
2021-11-10,-0.01532966215210585
2021-11-11,0.004927448609431728
2021-11-12,0.01290497247540845
2021-11-15,-0.0019303872653837484
2021-11-16,0.010235962745856586
2021-11-17,-0.001148714323583988
2021-11-18,0.006339938664779332
2021-11-19,0.005391625399244093
2021-11-22,-0.00955961644953518
2021-11-23,-0.006326692758143682
2021-11-24,0.0006811182184316422
2021-11-26,-0.024355597644343252
2021-11-29,0.02108104828925006
2021-11-30,-0.017942548198318642
2021-12-01,-0.0015426963913003355
2021-12-02,-0.001787445467765325
2021-12-03,-0.019666757716470973
2021-12-06,0.009844896442834594
2021-12-07,0.02676354272050041
2021-12-08,0.00014928938253921942
2021-12-09,-0.005582589485625622
2021-12-10,0.028339837886520503
2021-12-13,-0.009166812635020838
2021-12-14,-0.03258691809074843
2021-12-15,0.019217883900834565
2021-12-16,-0.029134917077543676
2021-12-17,-0.0033856571252691703
2021-12-20,-0.012013588634959826
2021-12-21,0.023068988152918024
2021-12-22,0.018057380304928206
2021-12-23,0.004471788715486147
2021-12-27,0.023185634467716376
2021-12-28,-0.003504161191414723
2021-12-29,0.0020512820512819108
2021-12-30,-0.0076911829214797445
2021-12-31,-0.008841211835435625
2022-01-03,-0.0046681731684110606
2022-01-04,-0.017147124719940288
2022-01-05,-0.03838789094556394
2022-01-06,-0.007901890132119616
2022-01-07,0.000509748948642974
2022-01-10,0.0007323907782446071
2022-01-11,0.002259203869284576
2022-01-12,0.010445107625880912
2022-01-13,-0.04232255632010551
2022-01-14,0.017716535433070835
2022-01-18,-0.024339136041263698
2022-01-19,0.0022468197587972583
2022-01-20,-0.00570335937757549
2022-01-21,-0.018468169761273412
2022-01-24,0.0011485322433537615
2022-01-25,-0.026588386138947873
2022-01-26,0.028493188672050973
2022-01-27,0.010549020929527142
2022-01-28,0.028081643543223178
2022-01-31,0.00882372023616429
2022-02-01,-0.007138722747443649
2022-02-02,0.015222179038735462
2022-02-03,-0.03895233841638479
2022-02-04,0.015568464730290499
2022-02-07,-0.016310387657710645
2022-02-08,0.011995348064462563
2022-02-09,0.021834778040451752
2022-02-10,-0.028373124256932614
2022-02-11,-0.02427409220186516
2022-02-14,-0.00013557483731030384
2022-02-15,0.018542372881356073
2022-02-16,-0.003228275701401273
2022-02-17,-0.029282136894824617
2022-02-18,-0.009630929040690739
2022-02-22,-0.0007293439377625832
2022-02-23,-0.02589322952870865
2022-02-24,0.05109358832554323
2022-02-25,0.009233171526528583
2022-02-28,0.004977969123137527
2022-03-01,-0.012851835737474615
2022-03-02,0.017765723003899003
2022-03-03,-0.014224324594423465
2022-03-04,-0.0204785077047851
2022-03-07,-0.03777685779341744
2022-03-08,-0.010971281058405946
2022-03-09,0.045858256298712874
2022-03-10,-0.010086655112651721
2022-03-11,-0.019328407857417962
2022-03-14,-0.012961045452922426
2022-03-15,0.03874258428592081
2022-03-16,0.025213303151663036
2022-03-17,0.002819389245558801
2022-03-18,0.017647855836325332
2022-03-21,-0.004227274240255596
2022-03-22,0.016379195079555986
2022-03-23,-0.015029928303624263
2022-03-24,0.015392834485291607
2022-03-25,-0.0013811246300559077
2022-03-28,0.023116438356164393
2022-03-29,0.01515931766977796
2022-03-30,-0.004914238610063126
2022-03-31,-0.01768304339514437
2022-04-01,0.0036002724530506125
2022-04-04,0.017936784952491847
2022-04-05,-0.012985363685430462
2022-04-06,-0.0366057642820381
2022-04-07,0.006243739565943152
2022-04-08,-0.014599993363639263
2022-04-11,-0.039431592416742545
2022-04-12,-0.011217836359812106
2022-04-13,0.019712117989080236
2022-04-14,-0.027084347402823283
2022-04-18,0.0024657827966980683
2022-04-19,0.017039783259660712
2022-04-20,0.0037153873116018143
2022-04-21,-0.0193811984914094
2022-04-22,-0.024144439300594844
2022-04-25,0.024413385395759768
2022-04-26,-0.037403818751781115
2022-04-27,0.04810894826437706
2022-04-28,0.022632582444742422
2022-04-29,-0.041811966992369665
2022-05-02,0.025043240126837896
2022-05-03,-0.009456181671178121
2022-05-04,0.02910071687131821
2022-05-05,-0.043554727912269775
2022-05-06,-0.009446547683432449
2022-05-09,-0.036945364539730075
2022-05-10,0.018595509864691273
2022-05-11,-0.033209647495361705
2022-05-12,-0.019957781615812742
2022-05-13,0.02259643626395147
2022-05-16,0.001455269607843146
2022-05-17,0.020344168260038265
2022-05-18,-0.04774754516153201
2022-05-19,-0.003699622166246974
2022-05-20,-0.0022912222485580447
2022-05-23,0.03203199239784604
2022-05-24,-0.003951659313255251
2022-05-25,0.011170171789538497
2022-05-26,0.01287520950784704
2022-05-27,0.027604362542309246
2022-05-31,-0.0050139071878202435
2022-06-01,0.002023025710817805
2022-06-02,0.007928933264811588
2022-06-03,-0.01660718187777699
2022-06-06,-0.0047033553070142675
2022-06-07,0.013953488372093092
2022-06-08,-0.007669724770642095
2022-06-09,-0.02078325505713552
2022-06-10,-0.044563616450772336
2022-06-13,-0.042412743586703106
2022-06-14,0.009204986378271274
2022-06-15,0.029735367499693188
2022-06-16,-0.026970130282809035
2022-06-17,0.010940115116136795
2022-06-21,0.024591156874621545
2022-06-22,-0.0024040356270198515
2022-06-23,0.022636589894520665
2022-06-24,0.03414973344665051
2022-06-27,-0.010496824803884919
2022-06-28,-0.03174902789837275
2022-06-29,0.014737991266375428
2022-06-30,-0.013179128563743925
2022-07-01,0.010707471868551144
2022-07-05,0.012597272517143265
2022-07-06,0.012782956058588368
2022-07-07,0.008226588032004711
2022-07-08,-0.002757078986587058
2022-07-11,-0.0117686617350371
2022-07-12,-0.04098143737476845
2022-07-13,-0.0037450230614577418
2022-07-14,0.005381449825894391
2022-07-15,0.010390428211586977
2022-07-18,-0.00962137737612978
2022-07-19,0.02076696165191727
2022-07-20,0.010557546333757273
2022-07-21,0.009799062035307005
2022-07-22,-0.016915873735085185
2022-07-25,-0.005876478721769995
2022-07-26,-0.026774330641733846
2022-07-27,0.0668519253672093
2022-07-28,0.02854059685941812
2022-07-29,0.015665135125357166
2022-08-01,-0.009724300064116287
2022-08-02,-0.011474407395417385
2022-08-03,0.027836402008587502
2022-08-04,0.0041774347718339655
2022-08-05,-0.0026088489335447385
2022-08-08,-0.009154854900851994
2022-08-09,0.007063356164383583
2022-08-10,0.024300389656394028
2022-08-11,-0.007400746991285234
2022-08-12,0.017037140268970852
2022-08-15,0.005344112911513932
2022-08-16,-0.002589702524960158
2022-08-17,-0.004748727409381259
2022-08-18,-0.003947549086914637
2022-08-19,-0.013853947685839474
2022-08-22,-0.029355233269264258
2022-08-23,-0.004716471647164711
2022-08-24,-0.0023513239762695815
2022-08-25,0.011095398672903212
2022-08-26,-0.038587053971669505
2022-08-29,-0.010668059233839178
2022-08-30,-0.008520906383139182
2022-08-31,-0.005704072707913399
2022-09-01,-0.004092247676597882
2022-09-02,-0.016666666666666607
2022-09-06,-0.010973990470983352
2022-09-07,0.01911154985192498
2022-09-08,0.0016660854740595532
2022-09-09,0.022976945690855732
2022-09-12,0.008281025485895821
2022-09-13,-0.05497843615225939
2022-09-14,0.0009127346323265506
2022-09-15,-0.02711918166679883
2022-09-16,-0.002608199527263766
2022-09-19,-0.0008989131323036137
2022-09-20,-0.008465565188941704
2022-09-21,-0.014435966178593551
2022-09-22,0.008495501150868279
2022-09-23,-0.012698149224002031
2022-09-26,-0.0019754539340954835
2022-09-27,-0.004379869446199169
2022-09-28,0.019711518125290706
2022-09-29,-0.014808976645787508
2022-09-30,-0.01936842105263159
2022-10-03,0.033662516101331086
2022-10-04,0.03381241173049765
2022-10-05,0.0012857602057216866
2022-10-06,-0.009670947030497534
2022-10-07,-0.05085295190242711
2022-10-10,-0.02130293715846998
2022-10-11,-0.01675027262813522
2022-10-12,0.0015083625393728095
2022-10-13,0.03760797342192701
2022-10-14,-0.02424863387978149
2022-10-17,0.03924571228561424
2022-10-18,0.004083694691196849
2022-10-19,-0.008469601677148941
2022-10-20,-0.0013954668470905762
2022-10-21,0.02528054202837171
2022-10-24,0.021187840740128916
2022-10-25,0.013791708796764501
2022-10-26,-0.07715630734859968
2022-10-27,-0.01975618191250217
2022-10-28,0.040220507166482955
2022-10-31,-0.01585619197015309
2022-11-01,-0.017059406367121888
2022-11-02,-0.035368365692246995
2022-11-03,-0.02657882780554288
2022-11-04,0.033325554259043155
2022-11-07,0.029269614707078118
2022-11-08,0.004388467108439098
2022-11-09,-0.019050115786254262
2022-11-10,0.08226805042091656
2022-11-11,0.01699728372705578
2022-11-14,-0.022500101169519615
2022-11-15,0.0017387704409024263
2022-11-16,-0.0009918584948547249
2022-11-17,-0.00020684234476475716
2022-11-18,-0.0019033432638199121
2022-11-21,0.0034408423845453395
2022-11-22,0.012311505887213414
2022-11-23,0.010406888952373183
2022-11-25,-0.0003635188625898955
2022-11-28,-0.0231524506040649
2022-11-29,-0.005914956982130959
2022-11-30,0.061623600882120266
2022-12-01,-0.0017637375558516855
2022-12-02,0.0012956928030154469
2022-12-05,-0.01890047839385156
2022-12-06,-0.020303756994404454
2022-12-07,-0.0030597258485639545
2022-12-08,0.012399230674796424
2022-12-09,-0.008003233629749418
2022-12-12,0.028889251079781575
2022-12-13,0.017464654865154028
2022-12-14,0.0011676786548342477
2022-12-15,-0.031918202317082756
2022-12-16,-0.01734870085538731
2022-12-19,-0.017328047733867424
2022-12-20,0.005614472863381348
2022-12-21,0.010876757650951197
2022-12-22,-0.025528781246164534
2022-12-23,0.0022670976951173483
2022-12-27,-0.007414233653080804
2022-12-28,-0.010254895340985892
2022-12-29,0.027629727540186666
2022-12-30,-0.004937554458321225
2023-01-03,-0.001000750562922148
2023-01-04,-0.04374321729693642
2023-01-05,-0.02963771278917504
2023-01-06,0.01178534478880855
2023-01-09,0.009736362423865108
2023-01-10,0.007617118703768799
2023-01-11,0.030238147258029313
2023-01-12,0.011621495525300007
2023-01-13,0.0030187413525637474
2023-01-17,0.0046816870793797705
2023-01-18,-0.0188891200332848
2023-01-19,-0.016453924769941897
2023-01-20,0.035743543310481574
2023-01-23,0.009824327699608837
2023-01-24,-0.0022260697501855775
2023-01-25,-0.005908114361262484
2023-01-26,0.030713602925896533
2023-01-27,0.00064516129032266
2023-01-30,-0.021961637653126975
2023-01-31,0.021012731243047256
2023-02-01,0.019934627335458588
2023-02-02,0.04688427299703268
2023-02-03,-0.02362055933484508
2023-02-06,-0.006115734468744138
2023-02-07,0.04202204307356783
2023-02-08,-0.003102107938406262
2023-02-09,-0.01165973081393179
2023-02-10,-0.001972536226386379
2023-02-13,0.03124287343215504
2023-02-14,0.0031328320802006537
2023-02-15,-0.010471396553624612
2023-02-16,-0.02662260507945946
2023-02-17,-0.015601754720579675
2023-02-21,-0.020886615515771534
2023-02-22,-0.004590968456880451
2023-02-23,0.012961711263965725
2023-02-24,-0.021784354515837823
2023-02-27,0.003771767915897506
2023-02-28,-0.0029581068116405485
2023-03-01,-0.012629299975944086
2023-03-02,0.019653226133918178
2023-03-03,0.01664609135438644
2023-03-06,0.006189039915390326
2023-03-07,-0.010589013898080757
2023-03-08,-0.0017706079087154158
2023-03-09,-0.005439495467087108
2023-03-10,-0.014782815472415889
2023-03-13,0.021440926827305917
2023-03-14,0.0270557655954633
2023-03-15,0.017830438283676475
2023-03-16,0.040536467751657534
2023-03-17,0.011694424330195519
2023-03-20,-0.02576673943384744
2023-03-21,0.005693714873452382
2023-03-22,-0.0054423259551462655
2023-03-23,0.019721620331264456
2023-03-24,0.010480443708132059
2023-03-27,-0.014933884592080449
2023-03-28,-0.004160937839206791
2023-03-29,0.019183955237437766
2023-03-30,0.01261987094934236
2023-03-31,0.01496215455025518
2023-04-03,-0.003711411723898661
2023-04-04,-0.00017407652404000107
2023-04-05,-0.009889268054878553
2023-04-06,0.025532812829710982
2023-04-10,-0.007578875171467936
2023-04-11,-0.022668371401914356
2023-04-12,0.0023335572605451826
2023-04-13,0.02239937916681356
2023-04-14,-0.012765663814518269
2023-04-17,0.009296148738379806
2023-04-18,-0.0014889196675900163
2023-04-19,0.0002774213683809368
2023-04-20,-0.008112324492979606
2023-04-21,-0.001223305721575696
2023-04-24,-0.013962765957446832
2023-04-25,-0.022536111012527837
2023-04-26,0.07243482680996283
2023-04-27,0.03202762636692946
2023-04-28,0.00797165633303809
2023-05-01,-0.005532773546833236
2023-05-02,-0.000490901950517042
2023-05-03,-0.0033070298942406984
2023-05-04,0.0033180026281209862
2023-05-05,0.017157264005762674
2023-05-08,-0.006438113632705633
2023-05-09,-0.005345861007613695
2023-05-10,0.01729641693811068
2023-05-11,-0.0070442829240178195
2023-05-12,-0.0036761149269614046
2023-05-15,0.0015859144900798317
2023-05-16,0.007367672720222318
2023-05-17,0.007249631102842047
2023-05-18,0.0143949044585987
2023-05-19,-0.0005651136506341636
2023-05-22,0.008921279135515547
2023-05-23,-0.018432031882433586
2023-05-24,-0.004472498889805165
2023-05-25,0.03845786203600454
2023-05-26,0.02138561610211087
2023-05-30,-0.005046712127129149
2023-05-31,-0.008514235681289839
2023-06-01,0.012759219221048168
2023-06-02,0.00847916290817241
2023-06-05,0.001610017889087656
2023-06-06,-0.006727391796154003
2023-06-07,-0.030867897386717802
2023-06-08,0.0058135939142804904
2023-06-09,0.004703929164360909
2023-06-12,0.015483949937268537
2023-06-13,0.007352719602229829
2023-06-14,0.00912381465194878
2023-06-15,0.03189660283393625
2023-06-16,-0.01657569663889702
2023-06-20,-0.012502556013203603
2023-06-21,-0.013282058867031488
2023-06-22,0.018437462525482617
2023-06-23,-0.013805893261899849
2023-06-26,-0.019163035042683907
2023-06-27,0.01816798539257447
2023-06-28,0.003825806258779929
2023-06-29,-0.0023820157808546183
2023-06-30,0.01638561408744965
2023-07-03,-0.007488107123979626
2023-07-05,0.00047338678659114564
2023-07-06,0.009226674552713199
2023-07-07,-0.011867436340727178
2023-07-10,-0.015983630864124465
2023-07-11,0.0019286984299191623
2023-07-12,0.014226847535115938
2023-07-13,0.016192170818505547
2023-07-14,0.007529329364384552
2023-07-17,0.0014193025141930882
2023-07-18,0.039799843808752566
2023-07-19,-0.012267378786614436
2023-07-20,-0.02312155007322292
2023-07-21,-0.00893706575950648
2023-07-24,0.0038979550280711095
2023-07-25,0.01700906957202042
2023-07-26,-0.0376374722206394
2023-07-27,-0.020872191135979934
2023-07-28,0.023131349782293142
2023-07-31,-0.007240594615361862
2023-08-01,0.0012502976899260165
2023-08-02,-0.026282927989534355
2023-08-03,-0.002564885496183167
2023-08-04,0.0034286414008446453
2023-08-07,0.007108426383550137
2023-08-08,-0.01229893065947718
2023-08-09,-0.011715994479374325
2023-08-10,0.002172361356794772
2023-08-11,-0.005945560957483109
2023-08-14,0.009438958287903976
2023-08-15,-0.0067275644982101035
2023-08-16,-0.004536133722736757
2023-08-17,-0.01098626716604234
2023-08-18,-0.0012623074981065185
2023-08-21,0.017062689585439772
2023-08-22,0.0018019137566793741
2023-08-23,0.014079265645351446
2023-08-24,-0.02149847094801216
2023-08-25,0.009407131918617306
2023-08-28,0.0022292402006314216
2023-08-29,0.014550509731232841
2023-08-30,0.0011570902225876978
2023-08-31,-0.003132698683050106
2023-09-01,0.002745911642665577
2023-09-05,0.014878597943163152
2023-09-06,-0.0020086943486734565
2023-09-07,-0.008922134102379187
2023-09-08,0.013215725500894004
2023-09-11,0.010979148592455301
2023-09-12,-0.018257678877907413
2023-09-13,0.012930644723754492
2023-09-14,0.007855740046420312
2023-09-15,-0.025036905816356536
2023-09-18,-0.0035128096420569133
2023-09-19,-0.0012459733787152372
2023-09-20,-0.023976875095085948
2023-09-21,-0.0038656981637934518
2023-09-22,-0.007886583419397186
2023-09-25,0.0016718715497934244
2023-09-26,-0.01700573156137819
2023-09-27,0.0020823989235601026
2023-09-28,0.0027174781802485892
2023-09-29,0.006727458232368422
2023-10-02,0.01916072842438643
2023-10-03,-0.02613424487259175
2023-10-04,0.017757426848336033
2023-10-05,0.0012697715978744473
2023-10-06,0.024736973947895757
2023-10-09,0.007822526431583432
2023-10-10,-0.0043356982596568505
2023-10-11,0.012271993666067793
2023-10-12,-0.0037903856566993133
2023-10-13,-0.010357531102790252
2023-10-16,0.014981844811277512
2023-10-17,-0.0017436267436267139
2023-10-18,-0.005872432692886842
2023-10-19,0.0036654448517159377
2023-10-20,-0.014034770010865505
2023-10-23,0.008112162120794686
2023-10-24,0.0036742378233936
2023-10-25,0.03067800199679316
2023-10-26,-0.03751431003610539
2023-10-27,0.00585562231236092
2023-10-30,0.022740365665079976
2023-10-31,0.0023717055527556763
2023-11-01,0.02354263405400614
2023-11-02,0.006501574825902301
2023-11-03,0.012861736334405238
2023-11-06,0.010572562358276638
2023-11-07,0.011219252236838395
2023-11-08,0.007405763736721083
2023-11-09,-0.006910792951541844
2023-11-10,0.02489672572014756
2023-11-13,-0.00808829496578034
2023-11-14,0.009790553070797348
2023-11-15,-0.0016204391390065576
2023-11-16,0.017583249925609223
2023-11-17,-0.016800914480155194
2023-11-20,0.020521833175611626
2023-11-21,-0.01157799915218316
2023-11-22,0.012812608893773447
2023-11-24,-0.0011115522032553171
2023-11-27,0.0031264075457702045
2023-11-28,0.0108026729352102
2023-11-29,-0.01006009929448648
2023-11-30,0.0001583740266595246
2023-12-01,-0.011612256208598404
2023-12-04,-0.014338735948305814
2023-12-05,0.009156417619331503
2023-12-06,-0.00998604101793188
2023-12-07,0.005829718004338291
2023-12-08,0.008842162016444277
2023-12-11,-0.007829409721294422
2023-12-12,0.008295179100457739
2023-12-13,-2.671082856986473e-05
2023-12-14,-0.022544541496380632
2023-12-15,0.013117262864482226
2023-12-18,0.005178971218946282
2023-12-19,0.001636924728297462
2023-12-20,-0.00707281787493963
2023-12-21,0.0078786897630998
2023-12-22,0.002784173047063243
2023-12-26,0.00021357253457221503
2023-12-27,-0.0015747611167459263
2023-12-28,0.003234688694629284
2023-12-29,0.0020251545512686153
2024-01-02,-0.013748537389639437
2024-01-03,-0.0007280179038476886
2024-01-04,-0.007177549919050286
2024-01-05,-0.0005163885416100689
2024-01-08,0.01887151597552683
2024-01-09,0.0029357602284556528
2024-01-10,0.018574203677585777
2024-01-11,0.004859314993338026
2024-01-12,0.009983620622416423
2024-01-16,0.004633562437253769
2024-01-17,-0.002049862915417422
2024-01-18,0.011297404164633873
2024-01-19,0.012186762129636763
2024-01-22,-0.005418014899541079
2024-01-23,0.0060275907291114095
2024-01-24,0.009175231887691204
2024-01-25,0.005738275039745666
2024-01-26,-0.0023217329019191713
2024-01-29,0.01433416681108124
2024-01-30,-0.002757981060236392
2024-01-31,-0.026946327614479015
2024-02-01,0.015594345792041775
2024-02-02,0.01842587547674479
2024-02-05,-0.01354506103788733
2024-02-06,-0.0003944286946874209
2024-02-07,0.021110261658733975
2024-02-08,0.0001449100350199295
2024-02-09,0.015551423534809539
2024-02-12,-0.012578765901795297
2024-02-13,-0.021528680826470192
2024-02-14,0.00780173262453232
2024-02-15,-0.00715524188624872
2024-02-16,-0.006149153876426561
2024-02-20,-0.003143097559768271
2024-02-21,-0.0015144368032969924
2024-02-22,0.023546670644984724
2024-02-23,-0.003182315073484765
2024-02-26,-0.006823609689525667
2024-02-27,-0.00014722481228834905
2024-02-28,0.0005889859625012317
2024-02-29,0.014519768468556737
2024-03-01,0.004496663765593212
2024-03-04,-0.001395908543922908
2024-03-05,-0.029571965680131207
2024-03-06,-0.0013907860424686724
2024-03-07,0.017533388047452192
2024-03-08,-0.0071369213472159965
2024-03-11,-0.004184924425188474
2024-03-12,0.026599426480767407
2024-03-13,-0.0004334424966286887
2024-03-14,0.024379667549987882
2024-03-15,-0.020695169559286963
2024-03-18,0.002161279477450595
2024-03-19,0.009800632608070625
2024-03-20,0.009064806245699053
2024-03-21,0.009735907626460927
2024-03-22,-0.0014672659943638644
2024-03-25,-0.013714605588468487
2024-03-26,-0.0028614671522491086
2024-03-27,-0.000521759753349893
2024-03-28,-0.0016847400517285838
2024-04-01,0.00915097927362618
2024-04-02,-0.007372164778481793
2024-04-03,-0.002349088838268787
2024-04-04,-0.0061124985134973775
2024-04-05,0.018282760601129544
2024-04-08,-0.002185561195713448
2024-04-09,0.003980310417108335
2024-04-10,-0.007084545369240858
2024-04-11,0.011033407361905168
2024-04-12,-0.014091089664197476
2024-04-15,-0.019578099075610367
2024-04-16,0.002272507494439635
2024-04-17,-0.006609098364609989
2024-04-18,-0.018380924630924667
2024-04-19,-0.012739011056966842
2024-04-22,0.00461014231308865
2024-04-23,0.016485434956105438
2024-04-24,0.0036558137252495904
2024-04-25,-0.02449518408057494
2024-04-26,0.018243785084202102
2024-04-29,-0.01001673557786964
2024-04-30,-0.03211932877563706
2024-05-01,0.014409369943235939
2024-05-02,0.007342887527219233
2024-05-03,0.022169716468932288
